-- --------------------------------------------------------
-- 호스트:                          127.0.0.1
-- 서버 버전:                        8.0.33 - Source distribution
-- 서버 OS:                        Linux
-- HeidiSQL 버전:                  11.3.0.6295
-- --------------------------------------------------------

/*!40101 SET @OLD_CHARACTER_SET_CLIENT=@@CHARACTER_SET_CLIENT */;
/*!40101 SET NAMES utf8 */;
/*!50503 SET NAMES utf8mb4 */;
/*!40014 SET @OLD_FOREIGN_KEY_CHECKS=@@FOREIGN_KEY_CHECKS, FOREIGN_KEY_CHECKS=0 */;
/*!40101 SET @OLD_SQL_MODE=@@SQL_MODE, SQL_MODE='NO_AUTO_VALUE_ON_ZERO' */;
/*!40111 SET @OLD_SQL_NOTES=@@SQL_NOTES, SQL_NOTES=0 */;

-- 테이블 ATTENDANCE.attend 구조 내보내기
CREATE TABLE IF NOT EXISTS `attend` (
  `attend_id` bigint NOT NULL AUTO_INCREMENT,
  `attend_code` varchar(255) DEFAULT NULL,
  `attend_date` varchar(255) DEFAULT NULL,
  `in_time` varchar(255) DEFAULT NULL,
  `insert_date` datetime(6) DEFAULT NULL,
  `location_id` bigint DEFAULT NULL,
  `out_time` varchar(255) DEFAULT NULL,
  `update_date` datetime(6) DEFAULT NULL,
  `work_time` bigint DEFAULT NULL,
  `member_id` bigint DEFAULT NULL,
  PRIMARY KEY (`attend_id`),
  UNIQUE KEY `UKby1o5qvcyjl4d32gydmx92wf7` (`member_id`,`attend_date`),
  CONSTRAINT `FKiaw1373ohejet2la0s226ny4m` FOREIGN KEY (`member_id`) REFERENCES `member` (`member_id`)
) ENGINE=InnoDB AUTO_INCREMENT=320 DEFAULT CHARSET=utf8mb4 COLLATE=utf8mb4_0900_ai_ci;

-- 테이블 데이터 ATTENDANCE.attend:~253 rows (대략적) 내보내기
DELETE FROM `attend`;
/*!40000 ALTER TABLE `attend` DISABLE KEYS */;
INSERT INTO `attend` (`attend_id`, `attend_code`, `attend_date`, `in_time`, `insert_date`, `location_id`, `out_time`, `update_date`, `work_time`, `member_id`) VALUES
	(1, 'AT01', '20230718', '1411', '2023-07-18 14:11:01.927613', 1, '1807', '2023-07-18 18:07:11.980938', 236, 1),
	(3, 'AT01', '20230718', '0855', '2023-07-18 08:55:23.586014', 1, '2337', '2023-07-18 23:37:24.708054', 882, 2),
	(4, 'AT01', '20230719', '0900', '2023-07-19 09:00:56.719020', 1, '1800', '2023-07-19 18:00:41.528453', 540, 1),
	(9, 'AT01', '20230719', '0900', '2023-07-19 17:54:50.260931', 1, '1805', '2023-07-19 18:05:15.020328', 545, 2),
	(10, 'AT01', '20230720', '0912', '2023-07-20 09:12:28.915062', 1, '2030', '2023-07-20 20:30:01.601348', 678, 1),
	(13, 'AT01', '20230721', '0853', '2023-07-21 08:53:52.399698', 1, '1838', '2023-07-21 18:38:06.878608', 525, 1),
	(15, 'AT06', '20230722', NULL, '2023-07-21 10:17:51.460662', NULL, NULL, '2023-07-21 10:17:51.460674', NULL, 1),
	(18, 'AT06', '20230726', '0927', '2023-07-21 17:47:05.906774', 1, '2008', '2023-07-26 20:08:40.782616', 581, 2),
	(19, 'AT02', '20230725', '0934', '2023-07-21 17:47:49.902769', 1, '1820', '2023-07-25 18:20:04.700213', 466, 2),
	(20, 'AT01', '20230721', '1755', '2023-07-21 17:55:29.097556', 1, '1820', '2023-07-21 18:20:01.661709', 25, 2),
	(21, 'AT01', '20230724', '0857', '2023-07-24 08:57:03.546281', 1, NULL, NULL, NULL, 1),
	(24, 'AT01', '20230725', '0857', '2023-07-25 08:57:28.675354', 1, '1615', '2023-07-25 16:15:10.916576', 378, 1),
	(29, 'AT01', '20230726', '0928', '2023-07-26 09:28:22.351476', 1, '1822', '2023-07-26 18:22:13.954229', 474, 1),
	(30, 'AT01', '20230727', '0857', '2023-07-27 08:57:04.620186', 1, '1847', '2023-07-27 18:47:31.721158', 530, 1),
	(31, 'AT01', '20230727', '0902', '2023-07-27 09:02:21.520965', 1, '1816', '2023-07-27 18:16:02.946443', 494, 2),
	(32, 'AT01', '20230728', '0845', '2023-07-28 08:45:05.517689', 1, '1815', '2023-07-28 18:15:23.413014', 510, 1),
	(33, 'AT01', '20230728', '0903', '2023-07-28 09:03:16.554078', 1, '1805', '2023-07-28 18:05:29.694889', 482, 2),
	(34, 'AT01', '20230728', '1016', '2023-07-28 10:16:58.583762', 1, NULL, NULL, NULL, 6),
	(35, 'AT01', '20230729', '1438', '2023-07-29 14:38:53.037069', 1, '1443', '2023-07-29 14:43:26.060872', 5, 2),
	(36, 'AT01', '20230731', '0852', '2023-07-31 08:52:53.404451', 1, NULL, NULL, NULL, 1),
	(37, 'AT01', '20230731', '1003', '2023-07-31 10:03:22.359168', 1, '1441', '2023-07-31 14:41:19.194917', 218, 2),
	(38, 'AT05', '20230731', '1331', '2023-07-31 13:31:06.716047', 1, NULL, '2023-07-31 13:31:14.927585', NULL, 6),
	(39, 'AT01', '20230801', '1238', '2023-08-01 12:38:56.855183', 1, '1944', '2023-08-01 19:44:57.258215', 426, 1),
	(40, 'AT01', '20230801', '1323', '2023-08-01 13:23:32.122159', 1, '2124', '2023-08-01 21:24:30.755446', 481, 2),
	(41, 'AT01', '20230802', '0851', '2023-08-02 08:51:39.444294', 1, '1805', '2023-08-02 18:05:32.556720', 494, 1),
	(42, 'AT01', '20230802', '0851', '2023-08-02 08:51:55.694534', 1, '1803', '2023-08-02 18:03:36.373251', 492, 2),
	(43, 'AT01', '20230803', '0846', '2023-08-02 18:05:26.700304', 1, '1831', '2023-08-25 14:55:16.536667', 525, 1),
	(44, 'AT01', '20230804', '0848', '2023-08-02 19:08:49.406728', 1, '1804', '2023-08-25 14:55:11.632978', 496, 1),
	(45, 'AT01', '20230803', '0903', '2023-08-03 09:03:14.164039', 1, NULL, NULL, NULL, 2),
	(46, 'AT01', '20230803', '0904', '2023-08-03 09:04:02.658005', 1, NULL, NULL, NULL, 6),
	(47, 'AT01', '20230804', '0904', '2023-08-04 09:04:58.380667', 1, '1849', '2023-08-04 18:49:22.849921', 525, 2),
	(48, 'AT01', '20230804', '1326', '2023-08-04 13:26:19.164047', 1, NULL, NULL, NULL, 6),
	(54, 'AT01', '20230807', '0848', '2023-08-07 08:48:52.351225', 1, '1705', '2023-08-25 14:55:22.534804', 437, 1),
	(55, 'AT01', '20230807', '0904', '2023-08-07 09:04:34.321603', 1, '2127', '2023-08-07 21:27:50.203001', 683, 2),
	(56, 'AT01', '20230808', '0855', '2023-08-08 08:55:17.224570', 1, '1309', '2023-08-08 13:09:03.148894', 194, 1),
	(57, 'AT01', '20230808', '0907', '2023-08-08 09:07:00.682038', 1, '1954', '2023-08-08 19:54:53.201473', 587, 2),
	(58, 'AT01', '20230808', '0921', '2023-08-08 09:21:03.903106', 1, NULL, NULL, NULL, 6),
	(59, 'AT01', '20230808', '1313', '2023-08-08 13:13:47.990964', 1, '1315', '2023-08-22 17:31:55.749872', 2, 7),
	(60, 'AT01', '20230809', '0857', '2023-08-08 13:42:12.539368', 1, NULL, '2023-08-22 17:32:03.447640', NULL, 7),
	(61, 'AT01', '20230810', '0944', '2023-08-08 13:42:12.544190', 1, NULL, '2023-08-30 18:03:28.678881', NULL, 7),
	(62, 'AT06', '20230811', '0910', '2023-08-08 13:42:12.549645', 1, NULL, '2023-08-11 09:10:18.823781', NULL, 7),
	(63, 'AT06', '20230812', NULL, '2023-08-08 13:42:12.558839', NULL, NULL, '2023-08-08 13:42:12.558844', NULL, 7),
	(64, 'AT06', '20230813', NULL, '2023-08-08 13:42:12.563856', NULL, NULL, '2023-08-08 13:42:12.563861', NULL, 7),
	(65, 'AT06', '20230814', NULL, '2023-08-08 13:42:12.568853', NULL, NULL, '2023-08-08 13:42:12.568858', NULL, 7),
	(66, 'AT06', '20230815', NULL, '2023-08-08 13:42:12.573246', NULL, NULL, '2023-08-08 13:42:12.573255', NULL, 7),
	(67, 'AT01', '20230816', '1014', '2023-08-08 13:42:12.582834', 1, NULL, '2023-08-30 18:03:22.601982', NULL, 7),
	(68, 'AT06', '20230817', '1243', '2023-08-08 13:42:12.600880', 1, NULL, '2023-08-17 12:43:51.645199', NULL, 7),
	(69, 'AT06', '20230818', '1417', '2023-08-08 13:42:12.609351', 1, NULL, '2023-08-18 14:17:11.631163', NULL, 7),
	(70, 'AT06', '20230819', NULL, '2023-08-08 13:42:12.615307', NULL, NULL, '2023-08-08 13:42:12.615313', NULL, 7),
	(72, 'AT01', '20230821', '0902', '2023-08-08 13:42:12.634986', 1, '1641', '2023-08-31 18:16:19.650407', 399, 7),
	(73, 'AT01', '20230822', '1211', '2023-08-08 13:42:12.642623', 1, '1945', '2023-08-31 18:16:15.175439', 454, 7),
	(75, 'AT06', '20230831', '0852', '2023-08-08 13:43:15.316375', 1, '1810', '2023-08-31 18:16:40.089164', 498, 7),
	(76, 'AT01', '20230809', '0847', '2023-08-09 08:47:41.969407', 1, '1948', '2023-08-09 19:48:59.866750', 601, 1),
	(77, 'AT01', '20230809', '0901', '2023-08-09 09:01:37.604681', 1, '1840', '2023-08-09 18:40:00.308026', 519, 2),
	(78, 'AT01', '20230809', '0927', '2023-08-09 09:27:50.153912', 1, NULL, NULL, NULL, 6),
	(79, 'AT01', '20230810', '0845', '2023-08-10 08:45:50.163544', 1, NULL, NULL, NULL, 1),
	(80, 'AT01', '20230810', '0907', '2023-08-10 09:07:41.136709', 1, '1853', '2023-08-10 18:53:22.009882', 526, 2),
	(81, 'AT01', '20230810', '0907', '2023-08-10 09:07:56.551702', 1, '1852', '2023-08-10 18:52:21.844656', 525, 6),
	(82, 'AT01', '20230811', '0858', '2023-08-11 08:58:23.639338', 1, '1858', '2023-08-11 18:58:12.832898', 540, 1),
	(83, 'AT01', '20230811', '0906', '2023-08-11 09:06:33.207540', 1, '1815', '2023-08-11 18:15:24.347760', 489, 2),
	(84, 'AT06', '20230814', NULL, '2023-08-11 11:10:19.877703', NULL, NULL, '2023-08-11 11:10:19.877717', NULL, 2),
	(86, 'AT01', '20230811', '1359', '2023-08-11 13:59:15.853011', 1, '1817', '2023-08-11 18:17:49.435205', 258, 6),
	(87, 'AT06', '20230814', NULL, '2023-08-13 19:45:24.385882', NULL, NULL, '2023-08-13 19:45:24.385901', NULL, 1),
	(88, 'AT06', '20230815', NULL, '2023-08-13 19:45:24.436315', NULL, NULL, '2023-08-13 19:45:24.436324', NULL, 1),
	(89, 'AT01', '20230816', '0846', '2023-08-16 08:46:39.625603', 1, '2206', '2023-08-16 22:06:39.745495', 740, 1),
	(90, 'AT01', '20230816', '0901', '2023-08-16 09:01:36.695110', 1, NULL, NULL, NULL, 2),
	(92, 'AT01', '20230817', '0857', '2023-08-17 08:57:14.266112', 1, '2004', '2023-08-17 20:04:43.641687', 607, 1),
	(93, 'AT01', '20230817', '0901', '2023-08-17 09:01:51.370365', 1, '1930', '2023-08-17 19:30:33.765381', 569, 2),
	(94, 'AT01', '20230817', '1701', '2023-08-17 17:01:24.403586', 1, NULL, NULL, NULL, 8),
	(95, 'AT01', '20230818', '0849', '2023-08-18 08:49:44.360567', 1, '1804', '2023-08-18 18:04:33.345679', 495, 1),
	(96, 'AT01', '20230818', '0905', '2023-08-18 09:05:08.865983', 1, '1927', '2023-08-18 19:27:29.923403', 562, 2),
	(98, 'AT01', '20230821', '0852', '2023-08-21 08:52:20.121992', 1, '1921', '2023-08-21 19:21:22.636816', 569, 1),
	(99, 'AT05', '20230821', '0941', '2023-08-21 09:41:07.015661', 1, '1817', '2023-08-22 14:20:26.103723', 456, 2),
	(103, 'AT01', '20230822', '0848', '2023-08-22 08:48:14.478670', 1, '1807', '2023-08-30 18:12:09.554268', 499, 2),
	(104, 'AT01', '20230822', '0849', '2023-08-22 08:49:16.967110', 1, '1807', '2023-08-22 18:07:09.509645', 498, 1),
	(105, 'AT01', '20230822', '1405', '2023-08-22 14:05:05.912100', 1, NULL, NULL, NULL, 6),
	(106, 'AT01', '20230823', '0858', '2023-08-23 08:58:15.027645', 1, '1802', '2023-08-23 18:02:45.319510', 484, 1),
	(107, 'AT01', '20230823', '0858', '2023-08-23 08:58:25.361284', 1, '1754', '2023-08-23 17:54:57.704791', 476, 7),
	(108, 'AT01', '20230823', '0912', '2023-08-23 09:12:11.736222', 1, '1900', '2023-08-23 19:00:16.348225', 528, 2),
	(109, 'AT01', '20230824', '0857', '2023-08-24 08:57:55.427271', 1, '1829', '2023-08-24 18:29:19.586251', 512, 1),
	(110, 'AT01', '20230824', '0903', '2023-08-24 09:03:22.379239', 1, '1821', '2023-08-24 18:21:08.151996', 498, 7),
	(111, 'AT01', '20230824', '0909', '2023-08-24 09:09:02.209319', 1, '1834', '2023-08-24 18:34:31.430490', 505, 2),
	(112, 'AT01', '20230824', '1757', '2023-08-24 17:57:00.841493', 1, '1834', '2023-08-24 18:34:25.838879', 37, 6),
	(113, 'AT01', '20230825', '0846', '2023-08-25 08:46:57.589088', 1, '1808', '2023-08-25 18:08:31.135903', 502, 7),
	(114, 'AT01', '20230825', '0858', '2023-08-25 08:58:33.945204', 1, '1802', '2023-08-25 18:02:09.320537', 484, 1),
	(115, 'AT01', '20230825', '0905', '2023-08-25 09:05:09.960600', 1, '1802', '2023-08-25 18:02:21.989156', 477, 2),
	(116, 'AT06', '20230814', NULL, '2023-08-26 18:24:52.106802', NULL, NULL, '2023-08-26 18:24:52.106821', NULL, 6),
	(117, 'AT06', '20230828', '0856', '2023-08-28 08:56:54.788719', 1, NULL, '2023-08-31 18:16:40.068960', NULL, 7),
	(118, 'AT01', '20230828', '0858', '2023-08-28 08:58:50.319330', 1, '1815', '2023-08-28 18:15:57.026061', 497, 1),
	(119, 'AT01', '20230828', '0921', '2023-08-28 09:21:08.854153', 1, '1810', '2023-08-28 18:10:16.830549', 469, 2),
	(120, 'AT01', '20230901', '0908', '2023-08-28 14:07:15.070289', 1, '1838', '2023-09-01 18:38:43.666514', 510, 7),
	(121, 'AT01', '20230829', '0854', '2023-08-29 08:54:55.571451', 1, '1818', '2023-08-29 18:18:32.789028', 504, 2),
	(122, 'AT01', '20230829', '0900', '2023-08-29 09:00:27.010854', 1, '1853', '2023-08-29 18:53:25.793566', 533, 1),
	(123, 'AT01', '20230829', '1114', '2023-08-29 11:14:03.587541', 1, '1828', '2023-08-29 18:28:50.067123', 374, 6),
	(124, 'AT06', '20230829', '1501', '2023-08-29 15:01:24.592538', 1, NULL, '2023-08-31 18:16:40.076033', NULL, 7),
	(125, 'AT01', '20230830', '0856', '2023-08-30 08:56:01.930471', 1, '1813', '2023-08-30 18:13:22.080790', 497, 1),
	(126, 'AT01', '20230830', '0857', '2023-08-30 08:57:35.751699', 1, '1811', '2023-08-30 18:11:57.192700', 494, 2),
	(127, 'AT06', '20230830', '0904', '2023-08-30 09:04:55.251154', 1, '1802', '2023-08-31 18:16:40.083369', 478, 7),
	(128, 'AT01', '20230830', '0955', '2023-08-30 09:55:03.914967', 1, '1812', '2023-08-30 18:12:58.888395', 437, 6),
	(129, 'ATO1', '20230830', '1711', '2023-08-30 17:11:05.808075', 1, NULL, NULL, NULL, 8),
	(131, 'AT01', '20230831', '0854', '2023-08-31 08:54:01.230439', 1, '1821', '2023-08-31 20:05:34.364528', 507, 1),
	(132, 'AT01', '20230831', '0925', '2023-08-31 09:25:42.420332', 1, '2012', '2023-08-31 20:12:30.290289', 587, 6),
	(133, 'AT01', '20230831', '1355', '2023-08-31 13:55:45.049839', 1, NULL, NULL, NULL, 8),
	(134, 'AT01', '20230831', '0852', '2023-08-31 08:52:30.729000', 1, '1810', '2023-08-31 18:10:21.710965', 498, 2),
	(135, 'AT01', '20230901', '0853', '2023-09-01 08:53:24.229643', 1, '1819', '2023-09-01 18:19:45.196293', 506, 1),
	(136, 'AT01', '20230901', '0903', '2023-09-01 09:03:49.040247', 1, '1812', '2023-09-01 18:12:56.252629', 489, 2),
	(137, 'AT01', '20230901', '0912', '2023-09-01 09:12:06.169932', 1, '1813', '2023-09-01 18:13:01.888758', 481, 6),
	(138, 'AT02', '20230904', '0901', '2023-09-01 12:50:05.560774', 1, NULL, '2023-09-04 09:01:44.013641', NULL, 7),
	(139, 'AT02', '20230905', '1340', '2023-09-01 12:50:19.986069', 1, NULL, '2023-09-05 13:40:11.800263', NULL, 7),
	(140, 'AT06', '20230912', '1401', '2023-09-01 12:50:32.907111', 1, NULL, '2023-09-12 14:01:37.188417', NULL, 7),
	(142, 'AT06', '20230914', '0911', '2023-09-01 12:50:32.915647', 1, '2101', '2023-09-14 21:01:41.577244', 650, 7),
	(146, 'AT01', '20231004', '0910', '2023-09-01 12:51:37.595766', 1, NULL, '2023-10-13 09:51:30.555988', NULL, 7),
	(147, 'AT01', '20231005', '0900', '2023-09-01 12:51:37.599944', 1, '1807', '2023-10-13 09:52:55.192535', 487, 7),
	(148, 'AT01', '20231006', '0918', '2023-09-01 12:51:37.604571', 1, NULL, '2023-10-13 09:53:11.761186', NULL, 7),
	(152, 'AT01', '20231010', '0902', '2023-09-01 12:51:37.624463', 1, NULL, '2023-10-13 09:53:18.651567', NULL, 7),
	(153, 'AT01', '20231011', '1007', '2023-09-01 12:51:37.628861', 1, NULL, '2023-10-13 09:53:26.050255', NULL, 7),
	(154, 'AT01', '20231012', '0900', '2023-09-01 12:51:37.632934', 1, NULL, '2023-10-13 09:53:31.384776', NULL, 7),
	(155, 'AT01', '20231013', '0853', '2023-09-01 12:51:37.636970', 1, NULL, '2023-10-13 09:53:37.576517', NULL, 7),
	(156, 'AT01', '20230904', '0855', '2023-09-04 08:55:44.212731', 1, NULL, NULL, NULL, 1),
	(157, 'AT01', '20230904', '0907', '2023-09-04 09:07:07.138032', 1, '1805', '2023-09-04 18:05:28.618564', 478, 2),
	(158, 'AT01', '20230904', '0927', '2023-09-04 09:27:13.994805', 1, '1805', '2023-09-04 18:05:45.563654', 458, 6),
	(159, 'AT01', '20230905', '0855', '2023-09-05 08:55:52.555494', 1, '1826', '2023-09-05 18:26:46.791661', 511, 1),
	(160, 'AT01', '20230905', '0856', '2023-09-05 08:56:37.778303', 1, '1807', '2023-09-05 18:07:05.248225', 491, 2),
	(161, 'AT01', '20230905', '0856', '2023-09-05 08:56:52.511998', 1, '1807', '2023-09-05 18:07:14.712287', 491, 6),
	(162, 'AT01', '20230906', '0857', '2023-09-06 08:57:08.164775', 1, '2046', '2023-09-06 20:46:00.582489', 649, 2),
	(163, 'AT01', '20230906', '0857', '2023-09-06 08:57:19.171300', 1, '2045', '2023-09-06 20:45:54.215614', 648, 6),
	(164, 'AT01', '20230906', '0857', '2023-09-06 08:57:46.719147', 1, '2201', '2023-09-06 22:01:40.629021', 724, 1),
	(165, 'AT01', '20230906', '0956', '2023-09-06 09:56:34.857270', 1, NULL, NULL, NULL, 7),
	(166, 'AT01', '20230907', '0844', '2023-09-07 08:44:33.859275', 1, NULL, NULL, NULL, 2),
	(167, 'AT01', '20230907', '0844', '2023-09-07 08:44:44.436633', 1, NULL, NULL, NULL, 6),
	(168, 'AT01', '20230907', '0851', '2023-09-07 08:51:55.708909', 1, '1817', '2023-09-07 18:17:57.403838', 506, 1),
	(169, 'AT01', '20230907', '0940', '2023-09-07 09:40:54.287139', 1, NULL, NULL, NULL, 7),
	(170, 'AT06', '20230926', NULL, '2023-09-07 11:12:26.222224', NULL, NULL, '2023-09-07 11:12:26.222230', NULL, 1),
	(171, 'AT06', '20230927', NULL, '2023-09-07 11:12:26.235764', NULL, NULL, '2023-09-07 11:12:26.235770', NULL, 1),
	(172, 'AT01', '20230908', '0853', '2023-09-08 08:53:27.481185', 1, '1805', '2023-09-08 18:05:46.220652', 492, 2),
	(173, 'AT01', '20230908', '0853', '2023-09-08 08:53:34.086084', 1, '1805', '2023-09-08 18:05:51.723606', 492, 6),
	(174, 'AT01', '20230908', '0858', '2023-09-08 08:58:30.913500', 1, '1832', '2023-09-08 18:32:36.156037', 514, 1),
	(175, 'AT01', '20230911', '0855', '2023-09-11 08:55:59.248725', 1, '2155', '2023-09-11 21:55:46.057443', 720, 1),
	(176, 'AT01', '20230911', '0858', '2023-09-11 08:58:31.240550', 1, '1838', '2023-09-11 18:38:30.716681', 520, 2),
	(177, 'AT01', '20230911', '0913', '2023-09-11 09:13:52.436572', 1, '1908', '2023-09-11 19:08:15.282422', 535, 6),
	(178, 'AT02', '20230911', '1011', '2023-09-11 10:11:28.553431', 1, '1806', '2023-09-11 18:06:13.643009', 415, 7),
	(181, 'AT01', '20230911', '1256', '2023-09-11 12:56:48.823982', 1, '1259', '2023-09-11 12:59:22.860520', 3, 11),
	(182, 'AT01', '20230912', '0852', '2023-09-12 08:52:21.427860', 1, '1823', '2023-09-12 18:23:48.687582', 511, 1),
	(183, 'AT01', '20230912', '0858', '2023-09-12 08:58:48.517700', 1, '2134', '2023-09-12 21:34:09.168684', 696, 11),
	(184, 'AT01', '20230912', '0858', '2023-09-12 08:58:48.744588', 1, '1808', '2023-09-12 18:08:18.231016', 490, 2),
	(185, 'AT01', '20230912', '0907', '2023-09-12 09:07:07.654316', 1, '1823', '2023-09-12 18:23:09.800406', 496, 6),
	(186, 'AT01', '20230913', '0854', '2023-09-13 08:54:35.593664', 1, '1827', '2023-09-13 18:27:58.241326', 513, 11),
	(187, 'AT01', '20230913', '0855', '2023-09-13 08:55:35.152490', 1, '1824', '2023-09-13 18:24:44.571959', 509, 1),
	(188, 'AT01', '20230913', '0857', '2023-09-13 08:57:01.066542', 1, '1829', '2023-09-13 18:29:10.896378', 512, 2),
	(189, 'AT01', '20230913', '0857', '2023-09-13 08:57:07.681755', 1, '1835', '2023-09-13 18:35:11.613677', 518, 6),
	(190, 'AT01', '20230913', '0901', '2023-09-13 09:01:34.288164', 1, NULL, NULL, NULL, 7),
	(191, 'AT01', '20230914', '0857', '2023-09-14 08:57:11.121662', 1, '1812', '2023-09-14 18:12:23.805772', 495, 2),
	(192, 'AT01', '20230914', '0857', '2023-09-14 08:57:16.505155', 1, '1812', '2023-09-14 18:12:37.253048', 495, 6),
	(193, 'AT01', '20230914', '0857', '2023-09-14 08:57:58.277256', 1, '1812', '2023-09-14 18:12:44.125255', 495, 1),
	(194, 'AT01', '20230914', '0902', '2023-09-14 09:02:34.842608', 1, NULL, NULL, NULL, 11),
	(195, 'AT01', '20230915', '0852', '2023-09-15 08:52:14.149480', 1, '1810', '2023-09-15 18:10:26.472254', 498, 1),
	(196, 'AT01', '20230915', '0857', '2023-09-15 08:57:16.834263', 1, NULL, NULL, NULL, 11),
	(197, 'AT01', '20230915', '0857', '2023-09-15 08:57:56.049588', 1, NULL, NULL, NULL, 7),
	(198, 'AT01', '20230915', '0901', '2023-09-15 09:01:47.672852', 1, '1811', '2023-09-15 18:11:42.297485', 490, 2),
	(199, 'AT01', '20230915', '0901', '2023-09-15 09:01:56.911156', 1, '1822', '2023-09-15 18:22:54.839888', 501, 6),
	(200, 'AT01', '20230918', '0853', '2023-09-18 08:53:29.410109', 1, '1817', '2023-09-18 18:17:42.409605', 504, 1),
	(201, 'AT01', '20230918', '0856', '2023-09-18 08:56:05.597339', 1, '1817', '2023-09-18 18:17:40.705838', 501, 2),
	(202, 'AT01', '20230918', '0856', '2023-09-18 08:56:11.873245', 1, '1817', '2023-09-18 18:17:47.143077', 501, 6),
	(203, 'AT01', '20230918', '0859', '2023-09-18 08:59:40.833825', 1, NULL, NULL, NULL, 11),
	(204, 'AT01', '20230918', '0904', '2023-09-18 09:04:49.098398', 1, NULL, NULL, NULL, 7),
	(205, 'AT01', '20230920', '0954', '2023-09-20 09:54:59.646790', 1, NULL, NULL, NULL, 1),
	(206, 'AT01', '20230920', '0955', '2023-09-20 09:55:06.552286', 1, NULL, NULL, NULL, 2),
	(207, 'AT01', '20230925', '1737', '2023-09-25 17:37:36.141745', 1, '1737', '2023-09-25 17:37:41.916118', 0, 1),
	(208, 'AT01', '20230925', '1737', '2023-09-25 17:37:43.201972', 1, '1737', '2023-09-25 17:37:46.990935', 0, 2),
	(209, 'AT01', '20231004', '0856', '2023-10-04 08:56:46.763082', 1, '1824', '2023-10-04 18:24:59.600603', 508, 2),
	(210, 'AT01', '20231005', '0903', '2023-10-05 09:03:44.828308', 1, '1832', '2023-10-05 18:32:30.697684', 509, 2),
	(211, 'AT01', '20231006', '0857', '2023-10-06 08:57:28.588877', 1, '1919', '2023-10-06 19:19:53.542117', 562, 2),
	(212, 'AT01', '20231007', '1231', '2023-10-07 12:31:40.831235', 1, '1645', '2023-10-07 16:45:36.469376', 254, 2),
	(213, 'AT01', '20231008', '1157', '2023-10-08 11:57:22.082352', 1, '1657', '2023-10-08 16:57:35.431945', 300, 2),
	(214, 'AT01', '20231010', '0852', '2023-10-10 08:52:03.872152', 1, '1826', '2023-10-10 18:26:08.180988', 514, 2),
	(215, 'AT01', '20231010', '0853', '2023-10-10 08:53:21.539560', 1, '1824', '2023-10-10 18:24:54.425768', 511, 1),
	(216, 'AT01', '20231011', '0854', '2023-10-11 08:54:56.116928', 1, '1936', '2023-10-11 19:36:14.567790', 582, 2),
	(217, 'AT01', '20231011', '0902', '2023-10-11 09:02:39.149379', 1, '1936', '2023-10-11 19:36:20.193243', 574, 1),
	(218, 'AT01', '20231012', '0854', '2023-10-12 08:54:53.980791', 1, '1812', '2023-10-12 18:12:20.255688', 498, 1),
	(219, 'AT01', '20231012', '0902', '2023-10-12 09:02:27.165919', 1, '1823', '2023-10-12 18:23:41.686492', 501, 2),
	(220, 'AT06', '20231004', NULL, '2023-10-12 18:12:42.808731', NULL, NULL, '2023-10-12 18:12:42.808744', NULL, 1),
	(221, 'AT06', '20231005', NULL, '2023-10-12 18:12:42.816524', NULL, NULL, '2023-10-12 18:12:42.816529', NULL, 1),
	(222, 'AT06', '20231006', NULL, '2023-10-12 18:12:42.820703', NULL, NULL, '2023-10-12 18:12:42.820707', NULL, 1),
	(223, 'AT01', '20231013', '0849', '2023-10-13 08:49:08.935872', 1, '1800', '2023-10-13 18:00:32.218645', 491, 1),
	(224, 'AT01', '20231013', '0902', '2023-10-13 09:02:42.622493', 1, NULL, '2023-10-13 12:42:51.334169', NULL, 2),
	(225, 'AT06', '20231017', NULL, '2023-10-13 09:11:23.889332', NULL, NULL, '2023-10-13 09:11:23.889340', NULL, 12),
	(226, 'AT01', '20231013', '0911', '2023-10-13 09:11:52.700538', 1, '1913', '2023-10-13 19:13:21.935689', 542, 13),
	(227, 'AT01', '20231013', '0930', '2023-10-13 09:30:59.658479', 1, '1804', '2023-10-13 18:04:34.975857', 454, 15),
	(228, 'AT06', '20231010', NULL, '2023-10-13 09:52:19.293350', NULL, NULL, '2023-10-13 09:52:19.293357', NULL, 17),
	(229, 'AT01', '20231013', '1020', '2023-10-13 10:20:31.605428', 1, NULL, NULL, NULL, 18),
	(230, 'AT01', '20231013', '1044', '2023-10-13 10:44:52.332065', 1, '1924', '2023-10-13 19:24:06.023112', 460, 19),
	(257, 'AT01', '20231013', '1626', '2023-10-13 16:26:14.396892', 1, '1841', '2023-10-13 18:41:18.563745', 135, 12),
	(258, 'AT01', '20231016', '0834', '2023-10-16 08:34:34.380362', 1, '1824', '2023-10-16 18:24:18.305849', 530, 13),
	(259, 'AT01', '20231016', '0837', '2023-10-16 08:37:14.794775', 1, '1820', '2023-10-16 18:20:59.140246', 523, 18),
	(260, 'AT01', '20231016', '0837', '2023-10-16 08:37:25.990398', 1, '1805', '2023-10-16 18:05:00.767100', 508, 15),
	(261, 'AT01', '20231016', '0850', '2023-10-16 08:50:47.387430', 1, '1802', '2023-10-16 18:02:49.827634', 492, 14),
	(262, 'AT01', '20231016', '0854', '2023-10-16 08:54:28.387165', 1, '1804', '2023-10-16 18:04:29.978652', 490, 12),
	(263, 'AT01', '20231016', '0855', '2023-10-16 08:55:31.348441', 1, '1814', '2023-10-16 18:14:19.587557', 499, 1),
	(264, 'AT01', '20231016', '0856', '2023-10-16 08:56:09.596100', 1, '1822', '2023-10-16 18:22:33.197411', 506, 2),
	(265, 'AT01', '20231016', '0857', '2023-10-16 08:57:10.188826', 1, '1849', '2023-10-16 18:49:58.932015', 532, 11),
	(266, 'AT01', '20231016', '0857', '2023-10-16 08:57:18.498191', 1, '1806', '2023-10-16 18:06:11.548434', 489, 7),
	(267, 'AT01', '20231016', '0902', '2023-10-16 09:02:06.934569', 1, '1807', '2023-10-16 18:07:25.755735', 485, 17),
	(268, 'AT03', '20231016', '0913', '2023-10-16 09:13:50.186854', 1, NULL, '2023-10-17 08:51:40.354060', NULL, 20),
	(270, 'AT01', '20231017', '0843', '2023-10-17 08:43:55.781298', 1, '1901', '2023-10-17 19:01:58.973830', 558, 13),
	(271, 'AT01', '20231017', '0845', '2023-10-17 08:45:09.146103', 1, '1808', '2023-10-17 18:08:41.920528', 503, 14),
	(272, 'AT01', '20231017', '0846', '2023-10-17 08:46:20.707982', 1, '1807', '2023-10-17 18:07:43.443297', 501, 18),
	(273, 'AT01', '20231017', '0853', '2023-10-17 08:53:30.150470', 1, '1909', '2023-10-17 19:09:48.069003', 556, 17),
	(274, 'AT01', '20231017', '0854', '2023-10-17 08:54:34.043779', 1, '1818', '2023-10-17 18:18:43.251629', 504, 1),
	(275, 'AT06', '20231020', NULL, '2023-10-17 08:54:34.465194', NULL, NULL, '2023-10-17 08:54:34.465202', NULL, 20),
	(276, 'AT01', '20231017', '0855', '2023-10-17 08:55:55.975045', 1, '1804', '2023-10-17 18:04:49.592647', 489, 15),
	(277, 'AT01', '20231017', '0856', '2023-10-17 08:56:21.385392', 1, '1854', '2023-10-17 18:54:45.272821', 538, 16),
	(278, 'AT01', '20231017', '0857', '2023-10-17 08:57:30.671101', 1, '1855', '2023-10-17 18:55:07.195110', 538, 11),
	(279, 'AT01', '20231017', '0857', '2023-10-17 08:57:45.211718', 1, NULL, NULL, NULL, 7),
	(280, 'AT01', '20231017', '0858', '2023-10-17 08:58:47.128920', 1, '1855', '2023-10-17 18:55:10.657024', 537, 20),
	(281, 'AT01', '20231017', '0859', '2023-10-17 08:59:47.438008', 1, '1820', '2023-10-17 18:20:12.673194', 501, 2),
	(282, 'AT01', '20231018', '0836', '2023-10-18 08:36:15.219382', 1, '1852', '2023-10-18 18:52:25.000285', 556, 19),
	(283, 'AT01', '20231018', '0841', '2023-10-18 08:41:32.494700', 1, '1811', '2023-10-18 18:11:18.214894', 510, 18),
	(284, 'AT01', '20231018', '0845', '2023-10-18 08:45:16.839998', 1, '1838', '2023-10-18 18:38:43.960091', 533, 13),
	(285, 'AT01', '20231018', '0847', '2023-10-18 08:47:51.485552', 1, '1900', '2023-10-18 19:00:25.298280', 553, 11),
	(286, 'AT01', '20231018', '0851', '2023-10-18 08:51:28.602281', 1, '1803', '2023-10-18 18:03:50.600676', 492, 15),
	(287, 'AT01', '20231018', '0851', '2023-10-18 08:51:38.539994', 1, '1822', '2023-10-18 18:22:29.825733', 511, 2),
	(288, 'AT01', '20231018', '0853', '2023-10-18 08:53:32.752796', 1, '1817', '2023-10-18 18:17:46.349989', 504, 12),
	(289, 'AT01', '20231018', '0855', '2023-10-18 08:55:36.017299', 1, '1804', '2023-10-18 18:04:51.256324', 489, 14),
	(290, 'AT01', '20231018', '0856', '2023-10-18 08:56:53.229803', 1, NULL, NULL, NULL, 7),
	(291, 'AT01', '20231018', '0858', '2023-10-18 08:58:08.669102', 1, '1815', '2023-10-18 18:15:08.703954', 497, 1),
	(292, 'AT01', '20231018', '0859', '2023-10-18 08:59:33.417454', 1, '1844', '2023-10-18 18:44:11.593147', 525, 16),
	(293, 'AT01', '20231018', '0901', '2023-10-18 09:01:21.434799', 1, '1844', '2023-10-18 18:44:39.124303', 523, 20),
	(294, 'AT01', '20231018', '0905', '2023-10-18 09:05:44.301954', 1, '2157', '2023-10-18 21:57:21.773347', 712, 17),
	(295, 'AT01', '20231019', '0840', '2023-10-19 08:40:34.693363', 1, NULL, NULL, NULL, 13),
	(296, 'AT01', '20231019', '0843', '2023-10-19 08:43:20.141062', 1, '1812', '2023-10-19 18:12:02.535711', 509, 19),
	(297, 'AT01', '20231019', '0846', '2023-10-19 08:46:28.330435', 1, '1820', '2023-10-19 18:20:53.021882', 514, 18),
	(298, 'AT01', '20231019', '0847', '2023-10-19 08:47:43.948195', 1, '1815', '2023-10-19 18:15:30.324418', 508, 14),
	(299, 'AT01', '20231019', '0850', '2023-10-19 08:50:05.154780', 1, '1921', '2023-10-19 19:21:45.959368', 571, 11),
	(300, 'AT01', '20231019', '0851', '2023-10-19 08:51:18.079909', 1, NULL, NULL, NULL, 7),
	(301, 'AT01', '20231019', '0856', '2023-10-19 08:56:42.835062', 1, '1830', '2023-10-19 18:30:08.885727', 514, 2),
	(302, 'AT01', '20231019', '0857', '2023-10-19 08:57:49.662726', 1, '1802', '2023-10-19 18:02:09.753679', 485, 12),
	(303, 'AT01', '20231019', '0859', '2023-10-19 08:59:53.448177', 1, '1804', '2023-10-19 18:04:27.277576', 485, 15),
	(304, 'AT01', '20231019', '0902', '2023-10-19 09:02:31.257010', 1, '1811', '2023-10-19 18:11:36.603361', 489, 16),
	(305, 'AT01', '20231019', '0904', '2023-10-19 09:04:05.459985', 1, '1814', '2023-10-19 18:14:26.967780', 490, 1),
	(306, 'AT01', '20231019', '0913', '2023-10-19 09:13:09.450857', 1, '1248', '2023-10-19 12:48:31.638576', 155, 20),
	(307, 'AT01', '20231019', '0919', '2023-10-19 09:19:50.645731', 1, NULL, NULL, NULL, 17),
	(308, 'AT01', '20231020', '0802', '2023-10-20 08:02:27.827773', 1, NULL, NULL, NULL, 19),
	(309, 'AT01', '20231020', '0843', '2023-10-20 08:43:55.744470', 1, NULL, NULL, NULL, 18),
	(310, 'AT01', '20231020', '0845', '2023-10-20 08:45:13.325873', 1, NULL, NULL, NULL, 13),
	(311, 'AT01', '20231020', '0851', '2023-10-20 08:51:29.026808', 1, NULL, NULL, NULL, 2),
	(312, 'AT01', '20231020', '0851', '2023-10-20 08:51:30.327955', 1, NULL, NULL, NULL, 14),
	(313, 'AT01', '20231020', '0854', '2023-10-20 08:54:24.129705', 1, NULL, NULL, NULL, 17),
	(314, 'AT01', '20231020', '0854', '2023-10-20 08:54:48.342435', 1, NULL, NULL, NULL, 1),
	(315, 'AT01', '20231020', '0854', '2023-10-20 08:54:53.916075', 1, NULL, NULL, NULL, 12),
	(316, 'AT01', '20231020', '0855', '2023-10-20 08:55:09.061809', 1, NULL, NULL, NULL, 7),
	(317, 'AT01', '20231020', '0856', '2023-10-20 08:56:19.023131', 1, NULL, NULL, NULL, 15),
	(318, 'AT01', '20231020', '0856', '2023-10-20 08:56:38.931507', 1, NULL, NULL, NULL, 11),
	(319, 'AT01', '20231020', '0858', '2023-10-20 08:58:53.657046', 1, NULL, NULL, NULL, 16);
/*!40000 ALTER TABLE `attend` ENABLE KEYS */;

-- 테이블 ATTENDANCE.authentication_code 구조 내보내기
CREATE TABLE IF NOT EXISTS `authentication_code` (
  `authentication_code_id` bigint NOT NULL AUTO_INCREMENT,
  `code` int NOT NULL,
  `email` varchar(255) DEFAULT NULL,
  `expiry_date` datetime(6) DEFAULT NULL,
  `is_code_entered` bit(1) DEFAULT NULL,
  `type` varchar(255) DEFAULT NULL,
  PRIMARY KEY (`authentication_code_id`)
) ENGINE=InnoDB AUTO_INCREMENT=21 DEFAULT CHARSET=utf8mb4 COLLATE=utf8mb4_0900_ai_ci;

-- 테이블 데이터 ATTENDANCE.authentication_code:~20 rows (대략적) 내보내기
DELETE FROM `authentication_code`;
/*!40000 ALTER TABLE `authentication_code` DISABLE KEYS */;
INSERT INTO `authentication_code` (`authentication_code_id`, `code`, `email`, `expiry_date`, `is_code_entered`, `type`) VALUES
	(1, 387192, 'zdh8456@gmail.com', '2023-10-13 09:18:09.643945', b'0', 'SIGNUP'),
	(2, 216686, 'zdh8456@gmail.com', '2023-10-13 09:24:04.424444', b'0', 'SIGNUP'),
	(3, 659708, 'deogus@kakao.com', '2023-10-13 09:25:54.459970', b'0', 'SIGNUP'),
	(4, 715694, 'zdh321@hanmail.net', '2023-10-13 09:26:57.385512', b'0', 'SIGNUP'),
	(5, 322345, 'it1485@gsitm.com', '2023-10-13 09:31:33.313641', b'0', 'PASSWORD'),
	(6, 408990, 'soun4618@gsitm.com', '2023-10-13 09:54:50.161214', b'1', 'SIGNUP'),
	(7, 496071, 'C1U7473@t3.gscaltex.com', '2023-10-13 09:54:57.388521', b'0', 'SIGNUP'),
	(8, 491459, 'japark@gsitm.com', '2023-10-13 09:55:52.402567', b'1', 'SIGNUP'),
	(9, 697428, 'c1u7473@t3.gscaltex.com', '2023-10-13 10:20:57.677262', b'1', 'SIGNUP'),
	(10, 548300, 'it1713@gsitm.com', '2023-10-13 10:24:15.946378', b'1', 'PASSWORD'),
	(11, 619287, 'slim@acepg.co.kr', '2023-10-13 10:33:03.676071', b'1', 'SIGNUP'),
	(12, 112914, 'thlee@gsitm.com', '2023-10-13 10:38:59.418711', b'1', 'PASSWORD'),
	(13, 176324, 'it1713@gsitm.com', '2023-10-13 10:54:11.668813', b'1', 'PASSWORD'),
	(14, 821259, 'it1713@gsitm.com', '2023-10-13 12:32:08.575571', b'1', 'PASSWORD'),
	(15, 910205, 'it1485@gsitm.com', '2023-10-13 12:32:18.566715', b'1', 'PASSWORD'),
	(16, 242367, 'it1713@gsitm.com', '2023-10-13 12:33:50.845778', b'1', 'PASSWORD'),
	(17, 988526, 'it1485@gsitm.com', '2023-10-13 12:37:39.172100', b'1', 'PASSWORD'),
	(18, 274319, 'it1485@gsitm.com', '2023-10-13 14:35:24.592675', b'0', 'PASSWORD'),
	(19, 671316, 'psjco@gsitm.com', '2023-10-13 18:06:04.196542', b'1', 'SIGNUP'),
	(20, 254696, 'it1374@gsitm.com', '2023-10-13 22:57:55.398895', b'1', 'SIGNUP');
/*!40000 ALTER TABLE `authentication_code` ENABLE KEYS */;

-- 테이블 ATTENDANCE.blacklist 구조 내보내기
CREATE TABLE IF NOT EXISTS `blacklist` (
  `access_token` varchar(255) NOT NULL,
  `insert_date` datetime(6) DEFAULT NULL,
  PRIMARY KEY (`access_token`)
) ENGINE=InnoDB DEFAULT CHARSET=utf8mb4 COLLATE=utf8mb4_0900_ai_ci;

-- 테이블 데이터 ATTENDANCE.blacklist:~30 rows (대략적) 내보내기
DELETE FROM `blacklist`;
/*!40000 ALTER TABLE `blacklist` DISABLE KEYS */;
INSERT INTO `blacklist` (`access_token`, `insert_date`) VALUES
	('eyJhbGciOiJIUzUxMiJ9.eyJzdWIiOiJkZW9ndXMuZGV2QGdtYWlsLmNvbSIsImF1dGgiOiJST0xFX01FTUJFUiIsImlkIjo2LCJleHAiOjE2OTUyNzkyMzh9.NmsI0SQ81P-3b_bK_p_ekZ_mgZVZat2qkYb4d8y_EWbJtKHWRyzI3vhoMlllchb--hS7uwK5FCCu5W2PPUlE1Q', '2023-09-01 15:08:12.326418'),
	('eyJhbGciOiJIUzUxMiJ9.eyJzdWIiOiJkZW9ndXMuZGV2QGdtYWlsLmNvbSIsImF1dGgiOiJST0xFX01FTUJFUiIsImlkIjo2LCJleHAiOjE2OTYxNDA5MDR9.5lH-sgeMt1J69jh1T0NKCEJquG2bjPK6TQABY11oswYHD1awkpBFPPI3B_8w7FbVyUuUJFTQPsk8gzK4WgOjNA', '2023-09-04 15:07:20.018046'),
	('eyJhbGciOiJIUzUxMiJ9.eyJzdWIiOiJpdDA1MDZAZ3NpdG0uY29tIiwiYXV0aCI6IlJPTEVfTUVNQkVSIiwiaWQiOjcsImV4cCI6MTY5NTM3MjIxM30.-5Jx0GIjmxZaird-G55Lljqc9cyIFdUaHoeq4LMxcpiqfuY9r9Pfu6vBKXBVp0JyEHRp1fahw3GLPDvCMfLwJw', '2023-09-11 11:13:14.506093'),
	('eyJhbGciOiJIUzUxMiJ9.eyJzdWIiOiJpdDE0ODVAZ3NpdG0uY29tIiwiYXV0aCI6IlJPTEVfTUVNQkVSIiwiaWQiOjEsImV4cCI6MTY5NTI4NzIyOH0.lEAb7Wc8OkelfLYNssUMItDqb8UvHs-y57fN4-5UBPZKsZZHmk-DbBGkrrOYhf24XONHYXT7cHF6gBuzecZTSQ', '2023-09-13 09:19:44.715880'),
	('eyJhbGciOiJIUzUxMiJ9.eyJzdWIiOiJpdDE0ODVAZ3NpdG0uY29tIiwiYXV0aCI6IlJPTEVfTUVNQkVSIiwiaWQiOjEsImV4cCI6MTY5NzE1NjQ0NX0.bCVsSmY9yFC7HjQfheRW_csHjwiepX2e4eIP2j-DI9K712Ph5ZT8kfSNXdD3wYbn-hzMDxHR2Xo_lKAzcOmiUQ', '2023-09-14 12:33:36.133973'),
	('eyJhbGciOiJIUzUxMiJ9.eyJzdWIiOiJpdDE0ODVAZ3NpdG0uY29tIiwiYXV0aCI6IlJPTEVfTUVNQkVSIiwiaWQiOjEsImV4cCI6MTY5NzI1NDQ2MX0.o51gnVzbHQgpIoKwCxRnYFeNFYnKHeeYIU-TEEIOD4X-qqe4u-gjjozipO_GFTy6I04oOpWBvUv3g3Jk-PtRcw', '2023-10-13 12:26:58.083802'),
	('eyJhbGciOiJIUzUxMiJ9.eyJzdWIiOiJpdDE0ODVAZ3NpdG0uY29tIiwiYXV0aCI6IlJPTEVfTUVNQkVSIiwiaWQiOjEsImV4cCI6MTY5OTc1OTcwNX0.Kyntjf3LaWa8m1zh8HaNFMjaL_8TV6E6jv0YSEmspWbsENOqLwHkTYxKrX3WtCJYN9wWPDx9nn8vEe4Uejgobg', '2023-10-13 12:28:55.567306'),
	('eyJhbGciOiJIUzUxMiJ9.eyJzdWIiOiJpdDE0ODVAZ3NpdG0uY29tIiwiYXV0aCI6IlJPTEVfTUVNQkVSIiwiaWQiOjEsImV4cCI6MTY5OTc1OTczOX0.43qQpFzAt51GnbnwQAK2mgKEsUbkr9ahxFBBhyEZ0UPM8B0JbikcjVsv8RbYhUvFtqZMRauDJD7MFd6xtHDUNw', '2023-10-13 12:32:14.350818'),
	('eyJhbGciOiJIUzUxMiJ9.eyJzdWIiOiJpdDE0ODVAZ3NpdG0uY29tIiwiYXV0aCI6IlJPTEVfTUVNQkVSIiwiaWQiOjEsImV4cCI6MTY5OTc1OTkzOH0.BpRNTxJj99GSeNxZyWLBMqMRVaPC0AqQFU0uxRZj1nOgmU3__GI1-7FUGb3Rf04TPYuvAig-oGvCfxn62STvjw', '2023-10-13 12:32:22.504184'),
	('eyJhbGciOiJIUzUxMiJ9.eyJzdWIiOiJpdDE3MTNAZ3NpdG0uY29tIiwiYXV0aCI6IlJPTEVfTUVNQkVSIiwiaWQiOjE3LCJleHAiOjE3MDAwMzMxNjN9.5SI3EjdrReR7uZDiAfW_CyecVnKNsNkd7sHgBAFk2lg37dWyIntDKyiMf0z-d8l3zUKoCAw17vT3ASB7ob6y9w', '2023-10-18 14:32:35.464919'),
	('eyJhbGciOiJIUzUxMiJ9.eyJzdWIiOiJpdDE3MTNAZ3NpdG0uY29tIiwiYXV0aCI6IlJPTEVfTUVNQkVSIiwiaWQiOjE3LCJleHAiOjE3MDAxOTk0NTd9.Qn7m4g-Yz-DudHxV0iFfWy8R3vk26NUMQ1oABqPtNDpkx0VaUyD8kIM-65nZ1tGFrTLdgHAcE74ZpQFNcTpmEg', '2023-10-18 15:51:20.439612'),
	('eyJhbGciOiJIUzUxMiJ9.eyJzdWIiOiJpdDE3MTNAZ3NpdG0uY29tIiwiYXV0aCI6IlJPTEVfTUVNQkVSIiwiaWQiOjE3LCJleHAiOjE3MDAyOTAzMzF9.idIHfGcPgze1mXA23PFL2IFgZG6zqwIAM3HQadhiLivDuQvnBOfv2rANCjbfL3n3aujKUrqRvqYjZ-4wk2JBLA', '2023-10-20 13:13:03.065155'),
	('eyJhbGciOiJIUzUxMiJ9.eyJzdWIiOiJpdDE3MTNAZ3NpdG0uY29tIiwiYXV0aCI6IlJPTEVfTUVNQkVSIiwiaWQiOjIsImV4cCI6MTcwMDE5OTE1OX0.bqNuCCZ_qxdp7Fmdb3c31vYyIlkIZw58OJUpJtoFoNlkkr9wFnVJuu7Z2qfgDLbntAJGqb0OAd4VBykK45Uz0Q', '2023-10-18 14:35:51.181621'),
	('eyJhbGciOiJIUzUxMiJ9.eyJzdWIiOiJpdDE3MTNAZ3NpdG0uY29tIiwiYXV0aCI6IlJPTEVfTUVNQkVSIiwiaWQiOjIsImV4cCI6MTcwMDI4OTY1Mn0.JDuBaQHgByuS-PzRNUyWGiKrlqNhzIlzZ2fDAiHmM1cRuAvaBL8fo8cpTQrCW89rZ7HSmF_KxlImeRnOJSoL-g', '2023-10-19 15:41:58.821212'),
	('eyJhbGciOiJIUzUxMiJ9.eyJzdWIiOiJpdDE3MTNAZ3NpdG0uY29tIiwiYXV0aCI6IlJPTEVfTUVNQkVSIiwiaWQiOjIsImV4cCI6MTcwMDIwMzg4M30.jeyjrHzCwGb8eW1a-gpWt99YZ6lE26y6HgxdhosbVpbXmJ9ofxwwI7Ft1skJy0U5MkKN8rI9lwcuLKmYvwLgnw', '2023-10-19 15:40:49.998354'),
	('eyJhbGciOiJIUzUxMiJ9.eyJzdWIiOiJpdDE3MTNAZ3NpdG0uY29tIiwiYXV0aCI6IlJPTEVfTUVNQkVSIiwiaWQiOjIsImV4cCI6MTY5NjA1NTcxMn0.yoH8neb0isTa4VJBDvqZZEZqKm6AY7eAUOxcMM7FUumF7hRlyusfHHVzMGBFZvQ2wGbB8mahom4Lyo7ur-_ZQw', '2023-09-04 15:06:04.184460'),
	('eyJhbGciOiJIUzUxMiJ9.eyJzdWIiOiJpdDE3MTNAZ3NpdG0uY29tIiwiYXV0aCI6IlJPTEVfTUVNQkVSIiwiaWQiOjIsImV4cCI6MTY5NjE0MDUwOX0.splb4FFVajREia-wPU38U9YOITiYqvxnBSgASDL3-jEnavomVE2fvZw2Jz2q2RDdzupdGLGfjJF3ROa0pX2Ihg', '2023-09-01 15:14:09.679727'),
	('eyJhbGciOiJIUzUxMiJ9.eyJzdWIiOiJpdDE3MTNAZ3NpdG0uY29tIiwiYXV0aCI6IlJPTEVfTUVNQkVSIiwiaWQiOjIsImV4cCI6MTY5NjQwNjQyNX0.zzYLPVF927ZKIBc8m4Sz86xuwbUXoW11CJTYbldsiuMM8wOS_LI2dB7tO-JHkvogfYn8VLsrqQ_zgbqsr1X1bQ', '2023-09-11 12:57:40.479451'),
	('eyJhbGciOiJIUzUxMiJ9.eyJzdWIiOiJpdDE3MTNAZ3NpdG0uY29tIiwiYXV0aCI6IlJPTEVfTUVNQkVSIiwiaWQiOjIsImV4cCI6MTY5NTgwMzMzMn0.SVKAFWex8WinFQBqVIqh60zK0Ahxxs_SgwehbijI3tV_7m2LgmTTOeGQSeheCYPY8LsHhOlDX4DikaLotRqS-w', '2023-08-31 15:34:55.310173'),
	('eyJhbGciOiJIUzUxMiJ9.eyJzdWIiOiJpdDE3MTNAZ3NpdG0uY29tIiwiYXV0aCI6IlJPTEVfTUVNQkVSIiwiaWQiOjIsImV4cCI6MTY5NzAwNjQzMH0.q8D7cIsD8XnHc_fdTvyDvTy0zSzEoUyVfoRb4CLhqldzJ1aIiXfEe6oP6LuMQdJemgFm5pfhmsrOm7qnBXBfBg', '2023-09-13 13:22:33.082963'),
	('eyJhbGciOiJIUzUxMiJ9.eyJzdWIiOiJpdDE3MTNAZ3NpdG0uY29tIiwiYXV0aCI6IlJPTEVfTUVNQkVSIiwiaWQiOjIsImV4cCI6MTY5NzE4OTM0MH0.xp7s5JPkn0pJYQYOJwAAZ31AfwuWmmNzfiCwBN0k7s-mjrlKQLWH1EcneLqF9DufiGcr_Wy6x_wPK-Qo4XgNrQ', '2023-10-13 12:26:08.957587'),
	('eyJhbGciOiJIUzUxMiJ9.eyJzdWIiOiJpdDE3MTNAZ3NpdG0uY29tIiwiYXV0aCI6IlJPTEVfTUVNQkVSIiwiaWQiOjIsImV4cCI6MTY5OTc1MDIyOH0.3be4bJW3IrExWrLdKrfKTQFWt1JYrq8LyssC3TI3RqVvxbt0jNhD26RvMUtbeyj3xfVAZ3vL6gYVSg30nUaCNg', '2023-10-13 09:51:17.075282'),
	('eyJhbGciOiJIUzUxMiJ9.eyJzdWIiOiJpdDE3MTNAZ3NpdG0uY29tIiwiYXV0aCI6IlJPTEVfTUVNQkVSIiwiaWQiOjIsImV4cCI6MTY5OTc1MDMzNH0.O3NBD7csi7URIaFml8o70Qk3XiT8h5M9KGjVI4i_3ilXpBZrydo-v_nuputyOIPUCVrVaXIoEP19xn3nr1t2OQ', '2023-10-13 10:19:01.136004'),
	('eyJhbGciOiJIUzUxMiJ9.eyJzdWIiOiJpdDE3MTNAZ3NpdG0uY29tIiwiYXV0aCI6IlJPTEVfTUVNQkVSIiwiaWQiOjIsImV4cCI6MTY5OTc1MjAzOH0.XtppzXa6udMKwJABttHbS5OO8qRG2TFq9L6iLWUE6gZR6OvbyHM_Vo5Ri0bDoPqW4gpxEtLbqDraOJ_RPuCcyA', '2023-10-13 10:48:35.497508'),
	('eyJhbGciOiJIUzUxMiJ9.eyJzdWIiOiJpdDE3MTNAZ3NpdG0uY29tIiwiYXV0aCI6IlJPTEVfTUVNQkVSIiwiaWQiOjIsImV4cCI6MTY5OTc1OTY2Mn0.IK7lvOPnNW1rYZUWKurYJd-IHAOkN2KHgqJ46fg6u3iRdfUpeZWoZvCMMxMn61NtJieNtEWDtoVjHayemtOrxA', '2023-10-13 12:28:24.640582'),
	('eyJhbGciOiJIUzUxMiJ9.eyJzdWIiOiJpdDE3MTNAZ3NpdG0uY29tIiwiYXV0aCI6IlJPTEVfTUVNQkVSIiwiaWQiOjIsImV4cCI6MTY5OTc2ODY4NX0.hkP2tD46BStOoVcbCtzOabT-onIlF3f4aioGSt0fovg0cv_bXJdO6Uy9ar7WOwdZXJg-rE9OYKugkk3A4Vpwbw', '2023-10-13 15:25:59.460791'),
	('eyJhbGciOiJIUzUxMiJ9.eyJzdWIiOiJpdDEzNzRAZ3NpdG0uY29tIiwiYXV0aCI6IlJPTEVfTUVNQkVSIiwiaWQiOjIxLCJleHAiOjE2OTk3OTcyNTZ9.kubDr0JRFP3QmRYnefF3FgKs91VyBVjlZXyK8tHBBgCuacaPvSJ0Km7AdlAatc7nNcQqxJCZGPd8YdoKGsjLJw', '2023-10-19 15:48:09.897065'),
	('eyJhbGciOiJIUzUxMiJ9.eyJzdWIiOiJqYXBhcmtAZ3NpdG0uY29tIiwiYXV0aCI6IlJPTEVfTUVNQkVSIiwiaWQiOjE3LCJleHAiOjE2OTk3NTAzMTR9.hnR_2dPgpILONke2SorG5bKTYjNEEznlyNkPrMSVJWnQa9YaozJiF34cH8Oi2ZRa_DgIsx_UrQmMVtsiAOkgIA', '2023-10-13 10:39:49.895723'),
	('eyJhbGciOiJIUzUxMiJ9.eyJzdWIiOiJwZHNvbTAzMjFAbmF2ZXIuY29tIiwiYXV0aCI6IlJPTEVfTUVNQkVSIiwiaWQiOjgsImV4cCI6MTY5NzE1NjQzMH0.oIolRdric5qquyAt0tUoI253TXdVJe2J20aN5B618Imau2A5ZZofl57SMYIMFM3YHbb5fzHI6S-iW9iTyEwPaA', '2023-09-13 09:20:40.924116'),
	('eyJhbGciOiJIUzUxMiJ9.eyJzdWIiOiJwZHNvbTAzMjFAbmF2ZXIuY29tIiwiYXV0aCI6IlJPTEVfTUVNQkVSIiwiaWQiOjgsImV4cCI6MTY5NzI1NDQ0Mn0.SiHsvjrElWEMNxBPO_qdl98Z99nEErK-AfKtzl-ryXDzLcomm3QLAdQ8idnUzuxghDNb1tql2HeNkA44qUWZYg', '2023-09-14 12:34:16.702092');
/*!40000 ALTER TABLE `blacklist` ENABLE KEYS */;

-- 테이블 ATTENDANCE.board 구조 내보내기
CREATE TABLE IF NOT EXISTS `board` (
  `board_id` bigint NOT NULL AUTO_INCREMENT,
  `content` longtext,
  `delete_yn` varchar(1) DEFAULT NULL,
  `end_date` varchar(255) DEFAULT NULL,
  `start_date` varchar(255) DEFAULT NULL,
  `title` varchar(255) DEFAULT NULL,
  `type` varchar(255) DEFAULT NULL,
  `use_yn` varchar(1) DEFAULT NULL,
  `insert_id` varchar(256) DEFAULT NULL,
  `insert_date` datetime(6) DEFAULT NULL,
  `update_id` varchar(256) DEFAULT NULL,
  `update_date` datetime(6) DEFAULT NULL,
  PRIMARY KEY (`board_id`)
) ENGINE=InnoDB AUTO_INCREMENT=9 DEFAULT CHARSET=utf8mb4 COLLATE=utf8mb4_0900_ai_ci;

-- 테이블 데이터 ATTENDANCE.board:~3 rows (대략적) 내보내기
DELETE FROM `board`;
/*!40000 ALTER TABLE `board` DISABLE KEYS */;
INSERT INTO `board` (`board_id`, `content`, `delete_yn`, `end_date`, `start_date`, `title`, `type`, `use_yn`, `insert_id`, `insert_date`, `update_id`, `update_date`) VALUES
	(1, '<p><strong>안녕하세요. 0918 관리자 입니다.</strong></p><p>0918은 현재 베타 버전으로 서비스 중에 있으며 다음과 같은 서비스를 개발하고 있습니다.</p><ul><li><p>출퇴근 등록</p></li><li><p>출퇴근 기록</p></li><li><p>휴가 등록</p></li><li><p>내 정보</p></li></ul><p>추가 기능은 개발을 마치고 서비스 적용 시 즉시 공지하여 드리겠습니다.</p><p>감사합니다.</p>', 'N', '2099-01-11', '2023-09-11', '공지사항', 'NOTICE', 'Y', NULL, NULL, NULL, NULL),
	(2, '<h2><strong>개인정보처리방침</strong></h2><p>지에스아이티엠 (이하 "회사")은 개인정보를 소중하게 생각하고 개인정보를 보호하기 위하여 최선을 다하고 있습니다. "회사"는 본 개인정보처리방침을 통하여 이용자가 제공하는 개인정보가 어떠한 용도와 방식으로 이용되고 있으며 개인정보보호를 위해 어떠한 조치가 취해지고 있는지 알려드리고자 합니다. 본 개인정보처리방침은 정부의 법률 및 지침 변경이나 "회사"의 내부 방침 변경 등으로 인하여 수시로 변경될 수 있으며, 변경될 경우 변경된 개인정보처리방침을 "회사"가 제공하는 서비스 페이지에 공지하도록 하겠습니다.</p><p><strong>"회사"의 개인정보처리방침은 다음과 같은 내용을 포함하고 있습니다.</strong></p><p>1. 개인정보의 수집 및 이용 목적, 항목 및 수집방법</p><p>2. 개인정보의 제공 및 처리위탁</p><p>3. 개인정보 수집·이용의 거부 시 불이익</p><p>4. 개인정보 보유 및 이용기간</p><p>5. 개인정보의 파기절차 및 방법</p><p>6. 회원의 권리와 행사 방법</p><p>7. 개인정보 자동 수집 장치의 설치/운영 및 거부에 관한 사항</p><p>8. 개인정보 보호를 위한 기술적/관리적 대책</p><p>9. 개인정보 관리 책임자의 성명, 연락처, 부서</p><p>10. 고지의 의무</p><p>&nbsp;<strong>1. 개인정보 수집의 이용 목적, 항목 및 수집방법</strong></p><p>1. “개인정보”란 생존하는 개인에 관한 정보로서 당해 개인을 식별할 수 있는 정보(당해 정보만으로는 특정 개인을 식별할 수 없더라도 다른 정보와 용이하게 결합하여 식별할 수 있는 것을 포함합니다)를 말합니다.</p><p>2. "회사"는 수집된 개인정보를 다음의 목적을 위해 활용합니다.</p><p>a. 회원가입 및 의사소통에 관한 사항: 회원 본인확인, 부정 가입방지, 가입 의사확인, 연령확인, 고충상담 및 처리, 공지사항 안내, 약관 위반 회원에 대한 이용제한 조치, 서비스의 원활한 운영에 지장을 미치는 행위 및 서비스 부정이용 행위 제재, 회원 가입 거절 사유 유무의 확인, 분쟁 조정을 위한 기록보존, 불만처리 등 민원처리 등</p><p>b. 서비스 개선 및 이용에 관한 통계 조사 등, 신규 서비스 개발, 통계학적 특성에 따른 서비스 제공 및 광고 게재, 서비스의 유효성 확인, 접속빈도 파악, 회원의 서비스 이용에 대한 통계 분석 등 서비스 분석 및 서비스 이용환경 개선</p><p>c. 회원으로부터 이에 대한 별도의 동의를 얻은 경우에 한하여, 이벤트 정보 및 참여기회 제공, 광고성 정보 제공 및 참여기회 제공</p><p>3. "회사"는 위에 명시한 목적을 위해 다음과 같은 개인정보를 수집하고 있습니다.</p><p><strong>a. 개인회원 통합회원 가입시</strong></p><p>●&nbsp;&nbsp; 필수: 이메일, 비밀번호, 본인확인값(DI, CI), 이름, 휴대폰번호, 소속</p><p>●&nbsp;&nbsp; 서비스 이용 과정 중 자동 생성 수집 정보</p><p>●&nbsp;&nbsp; IP Address, MAC 주소, 쿠키, 세션, 방문일시, 서비스 이용기록, 불량(부정) 이용기록, 기기정보(OS, 단말기 모델, 이동통신사 정보, 하드웨어 ID, 서비스 이용에 대한 기본 통계), 어플리케이션 설치 및 사용이력</p><p>●&nbsp;&nbsp; IOS 운영체제 휴대폰을 사용하는 회원의 경우 사용자 식별을 위하여 UUID에 접근할 수 있음.</p><p>●&nbsp;&nbsp; 회원의 휴대전화 단말기의 카메라, 사진첩, 마이크 기능(IOS) 또는 저장공간(사진/미디어/파일)(Android)에 접근할 수 있음.</p><p>4. "회사"는 이용자의 개인정보의 수집할 경우 반드시 이용자의 동의를 얻어 수집하며, 이용자의 기본적 인권을 침해할 우려가 있는 인종, 출신지, 본적지, 사상, 정치적 성향, 범죄기록, 건강상태 등의 정보는 이용자의 동의 또는 법령의 규정에 의한 경우 이외에는 수집하지 않습니다.</p><p>5. "회사"는 회원 가입을 만 14세 이상인 경우에 가능하도록 하며 개인정보의 수집·이용에 법정대리인의 동의가 필요한 만 14세 미만 아동의 개인정보는 수집하지 않습니다.</p><h3><strong>2. 개인정보의 제공 및 처리위탁</strong></h3><p><strong>1. 개인정보의 제공</strong></p><p>a. "회사"는 이용자의 개인정보를 “1. 개인정보의 수집 및 이용 목적, 항목 및 수집 방법"에서 고지한 범위 내에서 사용하며, 원칙적으로 이용자의 개인정보를 제공하지 않습니다. 다만 아래의 경우에는 예외로 합니다.</p><p>i. 이용자가 사전에 동의한 경우</p><p>ii. 법령의 규정에 의거하거나, 수사 목적으로 법령에 정해진 절차와 방법에 따라 수사기관의 요구가 있는 경우</p><p><strong>2. 개인정보 처리의 위탁</strong></p><p>a. "회사"는 원활한 업무 처리를 위해서 아래와 같이 개인정보를 위탁하고 있으며, 관계 법령에 따른 위탁계약 시 개인정보가 안전하게 관리될 수 있도록 필요한 사항을 규정하고 있습니다. 회사의 개인정보 위탁처리 기관 및 위탁업무 내용은 아래와 같습니다. 위탁기간은 회원의 탈퇴시 또는 위탁계약 종료시까지입니다.</p><p>i. 국내 위탁 업체 <strong>(예시)</strong></p><table><thead><tr><th><p><strong>제공받은 자</strong></p></th><th><p><strong>제공하는 목적</strong></p></th></tr></thead><tbody><tr><td><p>NHN 클라우드㈜</p></td><td><p>카카오톡 알림 서비스 및 문자메시지 발송</p></td></tr><tr><td><p>㈜카카오</p></td><td><p>카카오 채널을 통한 마케팅 목적 알림 메세지 발송</p></td></tr></tbody></table><p>&nbsp;</p><p>ii. 국외 위탁업체 <strong>(예시)</strong></p><table><thead><tr><th><p><strong>제공업체</strong></p></th><th><p><strong>업체 연락처</strong></p></th><th><p><strong>이전 목적</strong></p></th><th><p><strong>이전되는 개인정보 항목</strong></p></th><th><p><strong>이전 국가</strong></p></th><th><p><strong>이용 기간</strong></p></th><th><p><strong>이전 일시 및 방법</strong></p></th></tr></thead><tbody><tr><td><p>Amazon Web Servises Inc.</p><p>(AWS Server)</p></td><td><p>aws-korea-privacy@amazon.com</p></td><td><p>데이터 저장을 위한 클라우드 서버 이용</p></td><td><p>서비스 이용 기록 또는 수집된 개인정보</p></td><td><p>미국, 일본 등</p></td><td><p>이용자의 서비스 가입기간 동안 보유</p></td><td><p>서비스 이용 시점에 네트워크를 통한 전송</p></td></tr></tbody></table><p>&nbsp;</p><p>&nbsp;</p><p><strong>3. 개인정보 수집·이용의 거부 시 불이익</strong></p><p>회원은 개인정보 수집·이용에 관한 동의를 거부할 권리가 있습니다. 다만, 회원이 개인정보의 수집·이용에 관한 동의를 거부할 경우 불가피하게 아래와 같은 불이익이 발생합니다.</p><p>a. 회원이 회원 가입 신청 시 회사가 수집·이용(마켓팅, 프로모션, 광고 목적 수집·이용 제외)하고자 하는 개인정보의 수집·이용을 거부하는 경우에는 회원의 회원 가입 또는 서비스 이용이 불가능합니다.</p><p>b. 회원의 서비스 이용 과정에서 회사가 수집·이용 또는 접근하는 개인정보 또는 휴대전화기능의 수집·이용 또는 접근을 거부하는 경우 해당 회원에 대한 서비스의 제공 및 기술 지원이 제한될 수 있습니다.</p><p>&nbsp;</p><p><strong>4. 개인정보 보유 및 이용기간</strong></p><p>1. "회사"는 회원 가입 시 제공한 정보를 회원 가입시점부터 탈퇴 신청이 접수된 날까지 보관할 수 있습니다. 단, 개인정보 도용 등으로 인한 원치 않는 회원탈퇴 등에 대비하기 위해 회원탈퇴 요청 후 [7]일간 개인정보를 보존하고, 서비스의 부정한 이용으로 인한 분쟁을 방지하기 위한 내부 방침에 따라 서비스의 부정이용기록, 즉 이용약관 및 “회사”의 정책에 위배되는 행위를 한 회원의 개인정보는 1년간 보존합니다.</p><p>2. 단, 관계법령의 규정에 의하여 보존할 필요가 있는 경우 "회사"는 아래와 같이 관계법령에서 정한 일정한 기간 동안 회원정보를 보관합니다</p><p>a. 개별적으로 회원의 동의를 받은 경우에는 약속한 보유기간</p><p>b. 보존근거: 전자상거래 등에서의 소비자보호에 관한 법률, 통신비밀보호법 등 관련법령</p><p>c. 보존기간:</p><p>i. 계약 또는 청약철회 등에 관한 기록(전자상거래법): 5년</p><p>ii. 대금결제 및 재화 등의 서비스 등의 공급에 관한 기록(전자상거래법): 5년</p><p>iii. 소비자의 불만 또는 분쟁처리에 관한 기록(전자상거래법): 3년(다만, 민사, 형사, 행정상의 절차가 진행 중에 있는 경우에는 그 절차가 종료될 때까지)</p><p>iv. 표시/광고에 관한 기록(전자상거래법): 6개월</p><p>v. 세법이 규정하는 모든 거래에 관한 장부 및 증빙서류(국세기본법): 5년</p><p>vi. 전자금융 거래에 관한 기록(전자금융거래법): 5년</p><p>iv. 접속에 관한 기록(통신비밀보호법): 3개월</p><p>&nbsp;</p><p><strong>5. 개인정보의 파기절차 및 방법</strong></p><p>1. 회사는 개인정보 보유 및 이용 기간이 경과하면 다음과 같은 방법으로 지체 없이 파기합니다.</p><p>a. 전자적 파일 형태인 경우: 복원이 불가능한 방법으로 영구 삭제</p><p>b. 인쇄물, 서면, 그 밖의 기록매체인 경우: 파쇄 또는 소각</p><p>2. 회사는 위 기준과 별도로 1년간 서비스를 이용하지 않은 회원의 개인정보는 휴면 계정으로 전환하여 별도로 분리하여 보관하거나 삭제할 수 있습니다.</p><p>&nbsp;</p><p><strong>6. 회원의 권리와 행사 방법</strong></p><p>1. 회원은 언제든지 다음의 사항에 관하여 개인정보 열람, 수정 및 회원 탈퇴를 요구할 수 있습니다. 다만 회원이 회원가입 및 서비스 제공에 필요한 개인정보 등에 대한 동의를 철회하는 경우 회원탈퇴 및 서비스 해지가 불가피하게 되거나 서비스를 제공받지 못하게 될 수 있습니다.</p><p>a. "회사"가 보유하고 있는 회원의 개인정보</p><p>b. "회사"가 이용자의 개인정보를 이용하거나 제3자에게 제공한 내역</p><p>c. "회사"에게 개인정보수집ㆍ이용ㆍ제공 등의 동의를 한 내역</p><p>2. 회원은 "회사" 서비스에서 직접 자신의 정보를 열람, 정정을 할 수 있으며, 별도로 개인정보보호책임자에게 서면, 전화, 이메일 등을 통하여 개인정보의 열람, 정정을 요청할 수 있습니다.</p><p>3. 회원은 언제든지 자신의 개인정보처리의 정지를 요구할 수 있습니다.</p><p>4. 회원은 언제든지 회원가입 시 개인정보의 수집, 이용, 제공 등에 대해 동의하신 의사표시를 철회(회원탈퇴)할 수 있습니다.</p><p>5. 회원이 "회사" 서비스에서 본인 확인 절차를 거친 후 직접 동의철회(회원탈퇴)를 하거나, 별도로 개인정보보호책임자에게 서면, 전화 또는 이메일 등을 통하여 연락하면 지체 없이 이용자의 개인정보를 파기하는 등 필요한 조치를 취합니다. 단, 동의철회(회원탈퇴)가 있더라도 관계법령에 따라 최소한의 정보가 보관됩니다.</p><p>&nbsp;</p><p><strong>7. 개인정보 자동 수집 장치의 설치/운영 및 거부에 관한 사항</strong></p><p>1. "회사"는 회원의 정보를 수시로 저장하고 불러오는 "쿠키"(cookie)와 세션(session)를 사용합니다. "쿠키"는 웹사이트 이용 시 서버가 사용자의 웹브라우저에 보내는 작은 데이터 꾸러미로 회원의 컴퓨터의 하드디스크에 저장됩니다. 세션(session)은 서비스 운영에 이용되는 서버가 회원의 접속시간 동안에 회원의 정보를 서버에 저장하는 것을 의미합니다. "회사"는 다음과 같은 목적을 위해 "쿠키"와 “세션”를 사용합니다.</p><p>2. “쿠키”와 “세션”은 이용자가 설정한 환경을 유지하도록 함으로써 편리한 사용을 도우며, 이용자의 방문 기록, 이용 형태, 관심 분야를 알게 해줌으로써 이를 통한 최적화된 맞춤 서비스를 제공하고 서비스 개선의 척도로 활용됩니다.</p><p>3. 이용자는 "쿠키" 설치에 대한 선택권을 가지고 있으며 웹브라우저에서 옵션을 설정함으로써 모든 "쿠키"를 허용하거나, "쿠키"가 저장될 때마다 확인을 거치거나, 아니면 모든 "쿠키"의 저장을 거부할 수 있습니다. 다만, 쿠키 설치를 거부할 경우 로그인이 필요한 일부 서비스를 이용하는 것에 어려움이 있을 있습니다. 쿠키 설치 허용 여부를 지정하는 방법은 다음과 같습니다.</p><p>i. Chrome 웹 브라우저 &gt; 우측 상단 메뉴 [설정] &gt; [사이트 설정] &gt; [쿠키] 설정</p><p>ii. Safari 웹 브라우저 &gt; [설정] &gt; [Safari] &gt; [쿠키 차단] &gt; 설정</p><p>4. 이용자는 “세션” 설치에 대한 선택권을 가지고 있지 않으며, 로그인이 필요한 서비스 이용 시 서버에 자동으로 “세션”이 생성됩니다.</p><p>5. 회사는 회원이 스마트폰, 태블릿 PC의 [연락처 기능, 카메라 및 사진첩 기능, 위치 서비스 기능]에 회사가 접근하는 것을 원하지 않을 경우 회원 스스로 접근을 차단할 수 있는 기술적 수단을 제공해 드립니다(즉, 회원이 휴대전화에서 [**] 앱(App)의 위 각 기능에 대한 접근을 차단 또는 비활성화하면 됩니다.)</p><p>&nbsp;</p><p><strong>8. 개인정보 보호를 위한 기술적/관리적 대책</strong></p><p>1. 회원의 개인정보는 비밀번호에 의해 철저히 보호되고 있으며 본인이 제공한 이메일주소에 매칭되는 비밀번호는 본인만이 알고 있습니다. 따라서 개인정보의 확인 및 변경도 비밀번호를 알고 있는 본인에 의해서만 가능합니다.</p><p>2. 회원은 본인의 비밀번호를 누구에게도 알려주면 안됩니다. 이를 위해 "회사"에서는 기본적으로 PC에서의 사용을 마치신 후 온라인상에서 로그아웃(LOG-OUT)하고 웹 브라우저를 종료하도록 권장합니다.</p><p>3. "회사"의 개인정보 보호를 위한 기술적/관리적 대책 및 물리적 조치는 다음과 같습니다.</p><p>a. 수집한 개인정보 중 비밀번호 등 본인임을 인증하는 정보에 대한 암호화 장치</p><p>b. 컴퓨터 바이러스에 의한 개인정보의 침해를 막기 위한 백신소프트웨어 설치, 갱신, 점검 조치</p><p>c. 개인정보 시스템에 대한 접근권한 설정, 관리 및 침입차단 시스템 등을 이용한 접근 통제장치</p><p>d. 개인정보 취급자에 대한 지정과 권한의 설정 및 교육, 개인정보의 안전한 관리</p><p>&nbsp;</p><p><strong>9. 개인정보보호책임자의 성명, 연락처, 부서</strong></p><p>회사의 서비스를 이용하시면서 발생한 모든 개인정보보호 관련 민원, 불만처리 등에 관한 사항을 개인정보 보호책임자 및 고객센터로 문의하실 수 있고, 회사는 이용자의 문의에 신속하고 성실하게 답변하겠습니다.</p><p>●&nbsp;&nbsp; 이 름: 장대현</p><p>●&nbsp;&nbsp; 소 속: 모바일팀</p><p>●&nbsp;&nbsp; 연락처: 010-1111-1111</p><p>●&nbsp;&nbsp; E-mail: jhjghgjjggh</p><p>기타 개인정보침해에 관한 상담이 필요한 경우에는 한국정보보호진흥원, 대검찰청 인터넷범죄수사센터, 경찰청 사이버테러대응센터 등으로 문의하실 수 있습니다.</p><p>●&nbsp;&nbsp; 한국정보보호진흥원 (1336)</p><p>●&nbsp;&nbsp; 대검찰청 인터넷범죄수사센터 (02-3480-3600)</p><p>●&nbsp;&nbsp; 경찰청 사이버테러대응센터 (02-392-0330)</p><p>&nbsp;</p><p><strong>10. 고지의 의무</strong></p><p>회사는 개인정보처리방침이 변경되는 경우에는 “회사”의 사이트 “공지사항”을 통하여 변경 및 시행의 시기, 변경 내용을 공지합니다. 변경된 개인정보처리방침은 게시된 날로부터 7일 후부터 효력이 발생합니다.</p><p>&nbsp;</p><p>●&nbsp;&nbsp; 시행일자 : 2023년 8월 31일</p><p>&nbsp;</p><p>&nbsp;</p>', 'N', '2099-01-11', '2023-09-11', '개인정보처리방침', 'PRIVACY', 'Y', NULL, NULL, NULL, NULL),
	(3, '<p>이용약관</p><p>&nbsp;</p><p>제1장 총칙</p><p>&nbsp;</p><p><strong>제1조 목적및 용어 정의</strong></p><p>본 약관은 ㈜지에스아이티엠에서 제공하는 0918을 이용함에 있어 회사와 회원의 권리, 의무 및 기타 필요한 사항을 규정함을 목적으로 합니다.</p><p>본 약관에서 사용하는 용어의 정의는 다음과 같습니다.</p><p>&nbsp;</p><p>회사 : 0918을 운영하는 ㈜지에스아이티엠을 말합니다.</p><p>서비스 : 0918에서 제공하는 서비스를 말합니다.</p><p>회원 : 서비스 이용을 위하여 본 약관에 동의함으로써 회사와 이용계약을 체결한 자를 말합니다.</p><p>회원 아이디(ID) : 회원의 식별과 회원의 서비스 이용을 위하여 회사에서 부여받은 메일을&nbsp; 말합니다.</p><p>비밀번호 : 회원 아이디(ID)를 사용하는 자가 회사와 이용계약을 체결한 회원 본인임을 확인하고, 회원의 개인정보를 보호하기 위하여 회원이 정한 문자와 숫자, 특수문자의 조합을 말합니다.</p><p>가입해지 : 회사 또는 회원이 이용계약을 해지하는 것을 말합니다.</p><p>휴면 아이디(ID) : 연속하여 12개월 이상 서비스를 이용하기 위한 log-in 기록이 없는 아이디(ID)를 말합니다.</p><p>&nbsp;</p><p><strong>제2조 약관의 효력 및 변경</strong></p><p>①본 약관의 내용은 0918앱의 화면에 게시하여 공지하고, 본 약관에 동의한 회원에게 그 효력이 발생합니다.</p><p>②회사는 필요한 경우 관련법령을 위배하지 않는 범위 내에서 본 약관을 변경할 수 있습니다. 본 약관이 변경되는 경우 회사는 변경사항을 시행일자 15일 전부터 회원에 공지사항에서 공지 또는 통지하는 것을 원칙으로 하며, 피치 못하게 회원에 불리한 내용으로 변경할 경우에는 그 시행일자 30일 전부터 사내메일 주소로 발송 또는 회원이 등록한 휴대폰번호로 문자메시지 발송하는 방법 등으로 개별적으로 알려 드리겠습니다.</p><p>③회사가 전항에 따라 공지 또는 통지를 하면서 공지 또는 통지일로부터 개정약관 시행일 7일 후까지 거부의사를 표시하지 아니하면 승인한 것으로 본다는 뜻을 명확하게 공지 하였음에도 여러분의 의사표시가 없는 경우에는 변경된 약관을 승인한 것으로 봅니다. 회원이 퇴사를 함과 동시에 이용계약을 해지할 수 있습니다.</p><p>&nbsp;</p><p><strong>제3조 약관외 준칙</strong></p><p>본 약관에 규정되지 않은 사항에 대해서는 관련법령 또는 회사가 정한 개별 서비스의 이용약관, 운영정책 및 규칙 등(이하 ‘세부지침’)의 규정에 따릅니다.</p><p>&nbsp;</p><p>&nbsp;</p><p>제2장 이용계약의 체결</p><p>&nbsp;</p><p><strong>제4조 이용신청의 방법</strong></p><p>① 0918계정 이용 신청은 0918앱 회원가입 화면에서 회원이 사내메일 정보를 입력하는 방식으로 이루어집니다.</p><p>② 0918 이용계약은 회원이 본 약관의 내용에 동의한 후 본 조 제1항에서 정한 이용신청을 하면 회사가 입력된 일정 정보를 인증한 후 가입을 승낙함으로써 체결됩니다.</p><p>&nbsp;</p><p>&nbsp;</p><p><strong>제5조 이용신청의 승낙과 제한</strong></p><p>회사가 회원의 정당한 이용신청에 대하여 승낙함으로써 이용계약이 성립합니다.</p><p>회사는 다음 각 호의 어느 하나에 해당하는 경우 이용신청에 대한 승낙을 거절하거나 그 사유가 해소될 때까지 승낙을 유보할 수 있습니다.</p><p>(1) 회사의 서비스 관련설비에 여유가 없는 경우</p><p>(2) 회사의 기술상 지장이 있는 경우</p><p>(3) 기타 회사의 사정상 필요하다고 인정되는 경우</p><p>회사는 다음 각 호의 어느 하나에 해당하는 경우 회원으로 가입하고자 하는 자의 이용신청을 승낙하지 아니할 수 있습니다.</p><p>(1) 본인이 아니거나 타인의 명의를 이용하여 신청한 경우</p><p>(2) 14세 미만의 아동</p><p>(3) 이용신청서 내용을 허위로 기재하여 신청한 경우</p><p>(4) 사회의 안녕과 질서 혹은 미풍양속을 저해할 목적으로 신청한 경우</p><p>(5) 부정한 용도로 서비스를 이용하고자 하는 경우</p><p>(6) 영리를 추구할 목적으로 서비스를 이용하고자 하는 경우</p><p>(7) 기타 회사가 정한 이용신청 요건을 미비한 경우</p><p>회사는 이용승낙의 목적을 위하여 본인확인기관을 통하여 회원이 본인임을 확인하는 절차를 진행할 수 있습니다.</p><p>&nbsp;</p><p><strong>제6조 개인정보처리방침</strong></p><p>회사는 「정보통신망 이용촉진 및 정보보호 등에 관한 법률」 및 「개인정보 보호법」 등 관련법령을 준수하고 회원의 개인정보를 보호하기 위하여 노력하고 있습니다. 회원의 개인정보 처리에 관한 사항은 세이클럽 개인정보처리방침을 따릅니다.</p><p>&nbsp;</p><p><strong>제7조 개인정보의 보호</strong></p><p>회사는 회원이 안전하게 서비스를 이용할 수 있도록 회원의 개인정보 보호를 위한 보안시스템을 구축하며, 관련법령 및 개인정보처리방침에 따라 회원의 개인정보를 보호합니다.</p><p>회원은 서비스 내 [설정] -&gt; [마이페이지]메뉴를 통하여 자신의 개인정보를 열람할 수 있으며, 해당 페이지에서 언제든지 본인의 개인정보를 열람하고 수정할 수 있습니다. 다만, 회원의 본인확인 절차를 통하여 수집한 실명, 생년월일 등은 수정할 수 없습니다.</p><p>&nbsp;</p><p>&nbsp;</p><p>제3장 계약 당사자의 의무</p><p><strong>&nbsp;</strong></p><p><strong>제8조 회사의 의무</strong></p><p>회사는 관련법령과 본 약관이 금지하는 행위, 공서양속에 반하는 행위를 하지 않으며, 본 약관이 정하는 바에 따라 지속적이고 안정적으로 서비스를 제공하기 위하여 최선을 다합니다.</p><p>회사는 이용계약의 체결, 본 약관의 변경 및 해지 등 회원과의 계약관계에 있어 회원에게 편의를 제공하도록 노력합니다.</p><p>회사는 회원이 서비스를 이용하는데 필요한 최소한의 기술사양에 관한 정보를 각 콘텐츠 별 서비스 페이지에서 제공합니다.</p><p>회사는 정보통신망 이용촉진 및 정보보호 등에 관한 법률, 통신비밀보호법, 전기통신사업법 등 관계법령을 준수합니다.</p><p>&nbsp;</p><p><strong>제9조 회원의 아이디(ID)및 비밀번호에 대한 관리의무</strong></p><p>회사는 회원 아이디(ID), 비밀번호를 회원 본인이 사용 및 관리하는 것으로 간주합니다.</p><p>회원은 회원 아이디(ID), 비밀번호를 타인이 사용 및 관리하도록 허락할 수 없습니다.</p><p>회사가 관련법령 및 개인정보처리방침에 의하여 그 책임을 지는 경우를 제외하고, 회원 아이디(ID)와 비밀번호의 관리책임은 회원에게 있습니다.</p><p>회사는 아이디(ID)의 도용, 회원 및 제3자에 의한 아이디(ID)의 사용에 의한 결과에 대하여 책임지지 않습니다.</p><p>본조 제4항의 아이디(ID)의 도용 또는 제3자가 아이디(ID)를 사용함을 인지한 경우 회원은 이를 지체 없이 회사에 통보하고 회사의 안내에 따라야 합니다. 회원이 본조의 아이디(ID)의 도용 또는 본조 제2항의 통지를 누락하여 발생한 불이익에 대하여 회사는 책임지지 않습니다.</p><p>&nbsp;</p><p><strong>제10조 회원의 의무</strong></p><p>회원은 본 약관에 규정하는 사항과 서비스 이용안내 또는 공지사항 등 회사가 공지 또는 통지하는 사항을 준수하여야 하며, 기타 회사의 업무에 방해되는 행위를 하여서는 안됩니다.</p><p>회원은 회사의 사전승낙이 없이 영리를 목적으로 서비스를 이용할 수 없으며, 회원간 또는 회원과 제3자간에 서비스를 매개로 한 물품거래 및 서비스의 이용과 관련하여 기대하는 이익 등에 관하여 발생하는 손해에 대하여 회사는 책임을 지지 않습니다. 이와 같은 영업활동으로 회사가 손해를 입은 경우 회원은 회사에 대하여 손해배상의 의무를 집니다.</p><p>회원은 회사의 명시적인 동의가 없는 한 서비스의 이용권한, 기타 이용계약상 지위를 타인에게 양도, 증여할 수 없으며, 이를 담보로 제공할 수 없습니다.</p><p>회원은 서비스 이용과 관련하여 제22조 제1항의 각 호에 해당하는 행위를 하여서는 안됩니다.</p><p>회원은 제22조 제1항 제(8)호의 행위를 하는 자를 발견한 경우 회사에 즉시 알려야 합니다.</p><p>&nbsp;</p><p>&nbsp;</p><p>제4장 서비스 이용</p><p><strong>&nbsp;</strong></p><p><strong>제11조 &nbsp;서비스의 변경 및 종료</strong></p><p>&nbsp;</p><p>①회사는 0918을 365일, 24시간 쉬지 않고 제공하기 위하여 최선의 노력을 다합니다. 다만, 아래 각 호의 경우0918의 서비스가 전부 또는 일부를 제한하거나 중지할 수 있습니다.</p><p>&nbsp;</p><p>1.0918계정 서비스용 설비의 유지·보수 등을 위한 정기 또는 임시 점검의 경우</p><p>2.정전, 제반 설비의 장애 또는 이용량의 폭주 등으로 정상적인 이용에 지장이 있는 경우</p><p>3.관계사와의 계약 종료, 정부의 명령/규제, 서비스/회원 정책 변경 등 회사의 제반 사정으로 서비스를 유지할 수 없는 경우</p><p>4.기타 천재지변, 국가비상사태 등 불가항력적 사유가 있는 경우</p><p>&nbsp;</p><p>②전항에 의한 0918서비스 중단의 경우에는 미리 제14조에서 정한 방법으로 여러분에게 통지 내지 공지하겠습니다. 이 때 원만한 서비스 및 정책 변경 등을 위하여 서비스 이용 시 재로그인 또는 추가적인 동의 절차 등이 필요할 수 있습니다. 다만, 회사로서도 예측할 수 없거나 통제할 수 없는 사유(회사의 과실이 없는 디스크 내지 서버 장애, 시스템 다운 등)로 서비스가 중단된 경우에는 사전 통지 내지 공지를 할 수 없습니다. 이러한 경우에도 회사가 상황을 파악하는 즉시 최대한 빠른 시일 내에 서비스를 복구하도록 노력하되, 2시간 이상 복구가 지연될 시 공지사항에 게시하여 알려 드리겠습니다.</p><p>&nbsp;</p><p>&nbsp;</p><p><strong>제12조 데이터 및 기타자료의 수집 및 사용</strong></p><p>회사는 서비스와 관련하여 서비스의 품질개선 및 안전한 서비스 제공을 위한 목적으로 회원의 단말기 정보 등을 수집하여 사용할 수 있습니다.</p><p>회사는 전항의 자료에 대하여 소프트웨어를 개선하거나 회원의 사용환경에 적합한 서비스 또는 기술을 제공하기 위한 목적으로만 사용하며 그 외의 다른 목적으로 사용하지 않습니다.</p><p>회사는 안정적이고 보안이 강화된 고품질의 서비스를 제공하기 위한 다자간 데이터 송수신기술(멀티캐스팅), 디지털 저작권 관리기술(Digital Right Management), 그리드 컴퓨팅(Grid Computing)과 같은 적절한 기술을 적용할 수 있으며 이를 위해 회원의 단말기에 관련 소프트웨어를 설치할 수 있습니다.</p><p>&nbsp;</p><p><strong>제 13조 인증서비스</strong></p><p>①인증회원은 회사가 정한 방법에 따라 인증서비스를 이용하여야 합니다. 또한 인증회원은 자신의 전자서명생성정보와 인증서 및 이와 관련된 모든 정보를 안전하게 관리하고 인증서비스 이용 기간 중 회사에 제공한 정보 및 인증서에 포함된 정보가 정확하고 완전하게 유지되도록 하여야 합니다. 인증회원은 자신의 전자서명생성정보와 인증서 및 이에 관련된 정보를 타인에게 양도, 증여, 판매, 사용 허락할 수 없으며, 분실, 훼손, 도난 또는 유출되거나 그러할 위험이 있다고 인지한 경우 즉시 그 사실을 회사에 통지하여야 합니다.</p><p>&nbsp;</p><p>4.회사로부터 이용 정지를 당하거나, 법령 또는 본 약관을 위반하는 등의 이유로 서비스 이용 계약이 해지된 회원이 재이용신청을 하는 경우</p><p>&nbsp;</p><p>5.기타 회원의 귀책사유로 발급이 곤란한 경우 또는 회사가 정한 이용신청 요건이 충족되지 않은 경우</p><p>⑤인증회원은 인증서비스를 자유롭게 이용할 수 있으나, 아래 각 호의 행위는 하여서는 안 됩니다.</p><p>&nbsp;</p><p>1.회사가 정하지 않은 비정상적인 방법으로 시스템에 접근하거나 인증서비스를 이용하는 행위</p><p>2.부정한 방법으로 인증서를 발급받거나 행사하는 등 인증서비스를 불법적 또는 부당한 용도로 사용하는 행위</p><p>3.인증회원이 인증서의 비밀번호를 연속하여 제한 횟수 이상 잘못 입력한 경우</p><p>4.인증회원의 퇴사, 탈퇴 사유에 해당될 경우</p><p>5.인증회원의 사망, 구속 등으로 신원확인이나 전자거래가 불가능한 경우</p><p>6.인증서비스 가입 시 본인확인기관에서 전달받은 연계정보(CI)가 국적, 성별 등의 변경으로 더이상 유효하지 않음이 확인된 경우</p><p>7.회사가 인증서비스와 관련된 보안절차나 인증회원의 전자서명생성정보 유출과 같은 보안상의 이유로 기 발급된 인증서의 이용제한이 필요한 경우</p><p>8.전시, 사변, 천재지변 또는 이에 준하는 비상사태가 발생하거나 발생할 우려가 있는 경우</p><p>9.인증회원의 인증서가 부정하게 사용된 사실을 회사가 인지한 경우 등 인증회원이 본 약관 및 운영정책을 포함한 회사의 서비스 이용 정책을 위반하거나 위반할 우려가 있다고 회사가 판단하는 경우</p><p>10.기타 인증서비스의 안전성과 신뢰성을 저해할 우려가 있는 경우</p><p>⑦회사는 인증서를 사용하는 인증회원과 이용기관 상호간 거래에 대하여 어떠한 책임도 부담하지 않으며, 회사는 인증회원과 이용기관의 귀책사유로 인하여 발생한 손해에 대하여 회사의 귀책사유가 없는 경우 책임을 부담하지 않습니다.</p><p>⑧본 조에서 정하고 있는 내용 외에 인증서비스와 관련된 상세한 사항은 전자서명법 등을 포함한 관련법령 및 회사가 별도로 정한 전자서명인증업무준칙에 따르며, 회사는 인증서비스 공지사항 및 고객센터 도움말 페이지 등을 통하여 회원에게 안내합니다.</p><p>&nbsp;</p><p>&nbsp;</p><p>제5장 계약해지 및 이용제한</p><p><strong>&nbsp;</strong></p><p><strong>제 14조 (개인정보의 보호)</strong></p><p>회원의 개인정보의 안전한 처리는 회사에게 있어 가장 중요한 일 중 하나입니다. 회원의 개인정보는 서비스의 원활한 제공을 위하여 회원이 동의한 목적과 범위 내에서만 이용됩니다. 법령에 의하거나 회원이 별도로 동의하지 아니하는 한 회사가 회원의 개인정보를 제3자에게 제공하는 일은 결코 없으므로 안심하시기바랍니다..</p><p>&nbsp;</p><p><strong>제15조 (회원에 대한 통지 및 공지)</strong></p><p>회사는 회원과의 의견 교환을 소중하게 생각합니다. 회원은 언제든지 고객센터에 방문하여 의견을 개진할 수 있습니다. 서비스 이용자 전체에 대한 공지는 칠(7)일 이상 서비스 공지사항란에 게시함으로써 효력이 발생합니다.회원에 중대한 영향을 미치는 사항의 경우에는 등록된 이메일 주소로 개별적으로 알려 드리겠습니다.</p><p>&nbsp;</p><p><strong>제16조 (이용계약 해지)</strong></p><p>①회원이 0918 이용을 더 이상 원치 않는 때에는 언제든지 서비스 내 제공되는 메뉴를 이용하여 이용계약의 해지 신청을 할 수 있으며, 회사는 법령이 정하는 바에 따라 신속히 처리하겠습니다.</p><p>&nbsp;</p><p>&nbsp;</p><p><strong>제 17 조 (손해배상)</strong></p><p>①회사는 법령상 허용되는 한도 내에서 서비스와 관련하여 본 약관에 명시되지 않은 어떠한 구체적인 사항에 대한 약정이나 보증을 하지 않습니다. 또한, 회사는 CP(Contents Provider)가 제공하거나 회원이 작성하는 등의 방법으로 서비스에 게재된 정보, 자료, 사실의 신뢰도, 정확성 등에 대해서는 보증을 하지 않으며, 회사의 과실 없이 발생된 여러분의 손해에 대하여는 책임을 부담하지 아니합니다.</p><p>②회사는 회사의 과실로 인하여 여러분이 손해를 입게 될 경우 본 약관 및 관련 법령에 따라 여러분의 손해를 배상하겠습니다. 다만 회사는 회사의 과실 없이 발생된 아래와 같은 손해에 대해서는 책임을 부담하지 않습니다. 또한 회사는 법률상 허용되는 한도 내에서 간접 손해, 특별 손해, 결과적 손해, 징계적 손해, 및 징벌적 손해에 대한 책임을 부담하지 않습니다.</p><p>1.천재지변 또는 이에 준하는 불가항력의 상태에서 발생한 손해</p><p>2.회원의 귀책사유로 서비스 이용에 장애가 발생한 경우</p><p>3.서비스에 접속 또는 이용과정에서 발생하는 개인적인 손해</p><p>4.제3자가 불법적으로 회사의 서버에 접속하거나 서버를 이용함으로써 발생하는 손해</p><p>5.제3자가 회사 서버에 대한 전송 또는 회사 서버로부터의 전송을 방해함으로써 발생하는 손해</p><p>6.제3자가 악성 프로그램을 전송 또는 유포함으로써 발생하는 손해</p><p>7.전송된 데이터의 생략, 누락, 파괴 등으로 발생한 손해, 명예훼손 등 제3자가 서비스를 이용하는 과정에서 발생된 손해</p><p>8.기타 회사의 고의 또는 과실이 없는 사유로 인해 발생한 손해</p><p>&nbsp;</p><p><strong>제 18 조 (분쟁의 해결)</strong></p><p>본 약관 또는 서비스는 대한민국법령에 의하여 규정되고 이행됩니다. 서비스 이용과 관련하여 회사와 회원 간에 분쟁이 발생하면 이의 해결을 위해 성실히 협의할 것입니다. 그럼에도 불구하고 해결되지 않으면 민사소송법상의 관할법원에 소를 제기할 수 있습니다.</p><p>&nbsp;</p><p><em>공고일자 : 2023년 8월 31일</em></p><p><em>시행일자 : 2023년 8월 31일</em></p>', 'N', '2099-01-11', '2023-09-11', '이용약관', 'TERMS', 'Y', NULL, NULL, NULL, NULL);
/*!40000 ALTER TABLE `board` ENABLE KEYS */;

-- 테이블 ATTENDANCE.company 구조 내보내기
CREATE TABLE IF NOT EXISTS `company` (
  `company_id` bigint NOT NULL AUTO_INCREMENT,
  `name` varchar(255) DEFAULT NULL,
  PRIMARY KEY (`company_id`),
  UNIQUE KEY `UK_niu8sfil2gxywcru9ah3r4ec5` (`name`)
) ENGINE=InnoDB AUTO_INCREMENT=3 DEFAULT CHARSET=utf8mb4 COLLATE=utf8mb4_0900_ai_ci;

-- 테이블 데이터 ATTENDANCE.company:~2 rows (대략적) 내보내기
DELETE FROM `company`;
/*!40000 ALTER TABLE `company` DISABLE KEYS */;
INSERT INTO `company` (`company_id`, `name`) VALUES
	(1, 'GS ITM'),
	(2, 'GS 칼텍스');
/*!40000 ALTER TABLE `company` ENABLE KEYS */;

-- 테이블 ATTENDANCE.company_location 구조 내보내기
CREATE TABLE IF NOT EXISTS `company_location` (
  `company_location_id` bigint NOT NULL AUTO_INCREMENT,
  `company_id` bigint DEFAULT NULL,
  `location_id` bigint DEFAULT NULL,
  PRIMARY KEY (`company_location_id`),
  KEY `FKnh3ngnae5dpu79so8shcmmyk8` (`company_id`),
  KEY `FKngrh5kvhfp1sdnho8m1bbayik` (`location_id`),
  CONSTRAINT `FKngrh5kvhfp1sdnho8m1bbayik` FOREIGN KEY (`location_id`) REFERENCES `location` (`location_id`),
  CONSTRAINT `FKnh3ngnae5dpu79so8shcmmyk8` FOREIGN KEY (`company_id`) REFERENCES `company` (`company_id`)
) ENGINE=InnoDB AUTO_INCREMENT=4 DEFAULT CHARSET=utf8mb4 COLLATE=utf8mb4_0900_ai_ci;

-- 테이블 데이터 ATTENDANCE.company_location:~3 rows (대략적) 내보내기
DELETE FROM `company_location`;
/*!40000 ALTER TABLE `company_location` DISABLE KEYS */;
INSERT INTO `company_location` (`company_location_id`, `company_id`, `location_id`) VALUES
	(1, 1, 1),
	(2, 1, 2),
	(3, 1, 3);
/*!40000 ALTER TABLE `company_location` ENABLE KEYS */;

-- 테이블 ATTENDANCE.location 구조 내보내기
CREATE TABLE IF NOT EXISTS `location` (
  `location_id` bigint NOT NULL AUTO_INCREMENT,
  `latitude` float NOT NULL,
  `longitude` float NOT NULL,
  `name` varchar(255) DEFAULT NULL,
  PRIMARY KEY (`location_id`),
  UNIQUE KEY `UK_sahixf1v7f7xns19cbg12d946` (`name`)
) ENGINE=InnoDB AUTO_INCREMENT=6 DEFAULT CHARSET=utf8mb4 COLLATE=utf8mb4_0900_ai_ci;

-- 테이블 데이터 ATTENDANCE.location:~4 rows (대략적) 내보내기
DELETE FROM `location`;
/*!40000 ALTER TABLE `location` DISABLE KEYS */;
INSERT INTO `location` (`location_id`, `latitude`, `longitude`, `name`) VALUES
	(1, 37.502, 127.037, '역삼 GS 타워'),
	(2, 37.5784, 126.987, '보헌 빌딩'),
	(3, 37.5792, 126.988, '원서 빌딩'),
	(5, 0, 0, 'ㅎㅎㅎ');
/*!40000 ALTER TABLE `location` ENABLE KEYS */;

-- 테이블 ATTENDANCE.member 구조 내보내기
CREATE TABLE IF NOT EXISTS `member` (
  `member_id` bigint NOT NULL AUTO_INCREMENT,
  `contact` varchar(50) DEFAULT NULL,
  `delete_yn` varchar(1) DEFAULT NULL,
  `email` varchar(100) NOT NULL,
  `insert_date` datetime(6) DEFAULT NULL,
  `login_fail_cnt` int DEFAULT NULL,
  `name` varchar(50) NOT NULL,
  `password` varchar(256) NOT NULL,
  `password_expiry_date` datetime(6) DEFAULT NULL,
  `push_agree_yn` varchar(1) DEFAULT NULL,
  `update_date` datetime(6) DEFAULT NULL,
  `company_id` bigint DEFAULT NULL,
  `team_id` bigint DEFAULT NULL,
  `use_yn` varchar(1) DEFAULT 'Y',
  PRIMARY KEY (`member_id`),
  UNIQUE KEY `UK_mbmcqelty0fbrvxp1q58dn57t` (`email`),
  KEY `FKax2gealrg44mnq3ibas3q9de6` (`company_id`),
  KEY `FKcjte2jn9pvo9ud2hyfgwcja0k` (`team_id`),
  CONSTRAINT `FKax2gealrg44mnq3ibas3q9de6` FOREIGN KEY (`company_id`) REFERENCES `company` (`company_id`),
  CONSTRAINT `FKcjte2jn9pvo9ud2hyfgwcja0k` FOREIGN KEY (`team_id`) REFERENCES `team` (`team_id`)
) ENGINE=InnoDB AUTO_INCREMENT=22 DEFAULT CHARSET=utf8mb4 COLLATE=utf8mb4_0900_ai_ci;

-- 테이블 데이터 ATTENDANCE.member:~19 rows (대략적) 내보내기
DELETE FROM `member`;
/*!40000 ALTER TABLE `member` DISABLE KEYS */;
INSERT INTO `member` (`member_id`, `contact`, `delete_yn`, `email`, `insert_date`, `login_fail_cnt`, `name`, `password`, `password_expiry_date`, `push_agree_yn`, `update_date`, `company_id`, `team_id`, `use_yn`) VALUES
	(1, '01082510613', 'N', 'it1485@gsitm.com', '2023-07-18 04:40:15.000000', 0, '박다솜', '$2a$10$.IeMkYrqfRyfSuCgYD378OcaBPkHOZTtuaJ2MtNMBIP4Ezha8pqvy', '2024-01-11 12:33:20.463038', 'Y', '2023-10-13 12:33:20.463052', 1, 1, 'Y'),
	(2, '01093231494', 'N', 'it1713@gsitm.com', '2023-07-18 04:40:15.000000', 0, '장대현', '$2a$10$k0h0Y.PweE8ClvRuWoG.Su7hNUvxDT/l15imZummGCy0LkIOptQ0e', '2024-01-11 12:29:16.869306', 'Y', '2023-10-13 12:29:16.869320', 1, 1, 'Y'),
	(5, '010010101011', 'Y', 'deogus.gsitm@gmail.com', '2023-07-24 16:04:17.377621', 0, '장대현3', '$2a$10$D0gBUkNratlG.oXphIfS5eld6tf0ctkd2Wn8/WuKCOVtNiGVwPiyC', NULL, 'Y', NULL, 1, 2, 'Y'),
	(6, '01093231494', 'Y', 'deogus.dev@gmail.com', '2023-07-24 16:07:31.552020', 0, '장대현', '$2a$10$GGO.wXvUH4GHQu3NvzJAYeToLoQZky5ym.xRP0fxsXibhjqR3DyOa', '2023-11-07 09:27:39.690370', 'Y', '2023-08-09 09:27:39.690381', 1, 2, 'Y'),
	(7, '01020769777', 'N', 'it0506@gsitm.com', '2023-08-08 13:13:14.625769', 0, '채윤주', '$2a$10$u3bA6sj1oXzK1koorGpo9.YvawBhmw8iWRGbX5RQTwqovWGMjaXV.', '2024-01-11 09:51:42.619591', 'Y', '2023-10-13 09:51:42.619603', 1, 1, 'Y'),
	(8, '01082510613', 'Y', 'pdsom0321@naver.com', '2023-08-17 17:00:01.796384', 0, '박다솜', '$2a$10$.IeMkYrqfRyfSuCgYD378OcaBPkHOZTtuaJ2MtNMBIP4Ezha8pqvy', '2023-11-15 17:00:01.796361', 'Y', NULL, 1, 2, 'Y'),
	(9, '01093231494', 'Y', 'deogus@naver.com', '2023-08-17 17:00:17.098521', 0, '장대현0817', '$2a$10$mdkyGFQcmxGI55BZEHLYP.DyZnKfWi4og89HujxcLX7d1R5t4lHea', '2023-11-15 17:00:17.098509', 'Y', NULL, 1, 2, 'Y'),
	(10, '010-1234-5678', 'Y', 'it1759@gsitm.com', '2023-09-11 10:15:46.034664', 0, '박민규', '$2a$10$vs/82gA2A.ufTvf7Qrwzp.PaxpemAopoZIilrrhBtb2hI/P7iLycC', '2023-12-10 10:15:46.034641', 'Y', NULL, 1, 1, 'Y'),
	(11, '010-2763-2763', 'N', 'milove@gsitm.com', '2023-09-11 12:54:09.657641', 0, '서영준', '$2a$10$zzVgwZmY2/Jvuq/NQreE0eVfgVuu8EH6V2Ljsf9obu/ctEmDCDPEu', '2023-12-10 12:54:09.657630', 'Y', NULL, 1, 1, 'Y'),
	(12, '010-3143-7890', 'N', 'thlee@gsitm.com', '2023-10-13 09:10:42.119232', 0, '이태환', '$2a$10$VBTjkncbPi5zFojdkaq0BOdb386xNOhemnEcW9BIGQDGydE5LeqNS', '2024-01-11 09:10:42.119208', 'Y', NULL, 1, 1, 'Y'),
	(13, '010-3816-0963', 'N', 'jjj02517@gsitm.com', '2023-10-13 09:11:16.564498', 0, '주영희', '$2a$10$SvWRC4YcZ/UYedWCNgVSIuVxes.y.kilTZRvq6..S5Hvt3EPylXge', '2024-01-11 09:50:14.915438', 'Y', '2023-10-13 09:50:14.915450', 1, 1, 'Y'),
	(14, '010-7280-3395', 'N', 'nksong@gsitm.com', '2023-10-13 09:13:14.128889', 0, '송낙규', '$2a$10$4MxM6k.ku36STnqC9JHJCOwSkdGn3aFzAtv67bu2xat7Ryw7Ig7JK', '2024-01-11 09:23:37.647949', 'Y', '2023-10-13 09:23:37.647961', 1, 1, 'Y'),
	(15, '010-8974-8091', 'N', 'C1U7101@t3.gscaltex.com', '2023-10-13 09:19:05.880854', 0, '박유정', '$2a$10$1Cg3DY8HZbeJBC7O4jTqkOe7U0hTokbJozKmf7HrklVSAokQ3byeC', '2024-01-11 09:19:05.880841', 'Y', NULL, 1, 1, 'Y'),
	(16, '010-2339-9207', 'N', 'soun4618@gsitm.com', '2023-10-13 09:51:21.590406', 0, '유성연', '$2a$10$PdFsKYig6rEDU98clMXLs.N.ZZbzB08UmmdwnQfiwyVHBoK6pyQlu', '2024-01-11 09:51:21.590394', 'Y', NULL, 1, 1, 'Y'),
	(17, '010-7357-1997', 'N', 'japark@gsitm.com', '2023-10-13 09:51:39.325142', 0, '박진아', '$2a$10$.IeMkYrqfRyfSuCgYD378OcaBPkHOZTtuaJ2MtNMBIP4Ezha8pqvy', '2024-01-11 10:19:51.990719', 'Y', '2023-10-13 10:19:51.990731', 1, 1, 'Y'),
	(18, '010-9375-7294', 'N', 'c1u7473@t3.gscaltex.com', '2023-10-13 10:16:51.271680', 0, '박정은', '$2a$10$mpeBseD4.Bc/L0fKGTaKr.xy5iIAegiqDeqJOnrWmQSZQbVlQqhuO', '2024-01-11 10:34:58.116177', 'Y', '2023-10-13 10:34:58.116191', 1, 1, 'Y'),
	(19, '010-2667-7170', 'N', 'slim@acepg.co.kr', '2023-10-13 10:29:06.255000', 0, '임산', '$2a$10$kWhi6EftrQfXRlh2YFNIkORiMewYTadVX0Iy2s5EOVC5nRiG7IeCS', '2024-01-11 10:29:06.254988', 'Y', NULL, 1, 1, 'Y'),
	(20, '010-3571-0532', 'N', 'psjco@gsitm.com', '2023-10-13 18:02:29.047058', 0, '박상진', '$2a$10$OWUrtR5pMm0RVEDBeeabZO2/u2yqlxsz2R.uXM6EIHoc7ctEJMAP2', '2024-01-11 18:02:29.047032', 'Y', NULL, 1, 1, 'Y'),
	(21, '010-8222-2331', 'N', 'it1374@gsitm.com', '2023-10-13 22:54:02.113634', 0, '김희진', '$2a$10$4JN6es3OhHVJQXLdagg/TeblIlaW75K5SIHD9fzKbAD.B8zATj1RO', '2024-01-11 22:54:02.113622', 'Y', NULL, 1, 1, 'N');
/*!40000 ALTER TABLE `member` ENABLE KEYS */;

-- 테이블 ATTENDANCE.member_role 구조 내보내기
CREATE TABLE IF NOT EXISTS `member_role` (
  `member_role_id` bigint NOT NULL AUTO_INCREMENT,
  `role` varchar(255) DEFAULT NULL,
  `member_id` bigint DEFAULT NULL,
  PRIMARY KEY (`member_role_id`),
  KEY `FK34g7epqlcxqloewku3aoqhhmg` (`member_id`),
  CONSTRAINT `FK34g7epqlcxqloewku3aoqhhmg` FOREIGN KEY (`member_id`) REFERENCES `member` (`member_id`)
) ENGINE=InnoDB AUTO_INCREMENT=30 DEFAULT CHARSET=utf8mb4 COLLATE=utf8mb4_0900_ai_ci;

-- 테이블 데이터 ATTENDANCE.member_role:~25 rows (대략적) 내보내기
DELETE FROM `member_role`;
/*!40000 ALTER TABLE `member_role` DISABLE KEYS */;
INSERT INTO `member_role` (`member_role_id`, `role`, `member_id`) VALUES
	(1, 'ROLE_MEMBER', 1),
	(2, 'ROLE_ADMIN', 2),
	(5, 'ROLE_MEMBER', 5),
	(6, 'ROLE_MEMBER', 6),
	(7, 'ROLE_MEMBER', 7),
	(8, 'ROLE_ADMIN', 1),
	(10, 'ROLE_MEMBER', 8),
	(11, 'ROLE_MEMBER', 9),
	(12, 'ROLE_MEMBER', 10),
	(13, 'ROLE_MEMBER', 11),
	(14, 'ROLE_MEMBER', 12),
	(15, 'ROLE_MEMBER', 13),
	(16, 'ROLE_MEMBER', 14),
	(17, 'ROLE_MEMBER', 15),
	(18, 'ROLE_MEMBER', 16),
	(19, 'ROLE_MEMBER', 17),
	(20, 'ROLE_MEMBER', 18),
	(21, 'ROLE_MEMBER', 19),
	(22, 'ROLE_MEMBER', 20),
	(23, 'ROLE_MEMBER', 21),
	(25, 'ROLE_MEMBER', 2),
	(26, 'ROLE_MANAGER', 2),
	(27, 'ROLE_MANAGER', 1),
	(28, 'ROLE_MANAGER', 7),
	(29, 'ROLE_MANAGER', 11);
/*!40000 ALTER TABLE `member_role` ENABLE KEYS */;

-- 테이블 ATTENDANCE.refresh_token 구조 내보내기
CREATE TABLE IF NOT EXISTS `refresh_token` (
  `email` varchar(255) NOT NULL,
  `expiry_date` datetime(6) DEFAULT NULL,
  `insert_date` datetime(6) DEFAULT NULL,
  `token` varchar(255) DEFAULT NULL,
  `update_date` datetime(6) DEFAULT NULL,
  PRIMARY KEY (`email`)
) ENGINE=InnoDB DEFAULT CHARSET=utf8mb4 COLLATE=utf8mb4_0900_ai_ci;

-- 테이블 데이터 ATTENDANCE.refresh_token:~17 rows (대략적) 내보내기
DELETE FROM `refresh_token`;
/*!40000 ALTER TABLE `refresh_token` DISABLE KEYS */;
INSERT INTO `refresh_token` (`email`, `expiry_date`, `insert_date`, `token`, `update_date`) VALUES
	('C1U7101@t3.gscaltex.com', '2024-01-11 09:49:45.928000', '2023-10-13 09:49:45.929345', 'eyJhbGciOiJIUzUxMiJ9.eyJzdWIiOiJDMVU3MTAxQHQzLmdzY2FsdGV4LmNvbSIsImF1dGgiOiJST0xFX01FTUJFUiIsImlkIjoxNSwiZXhwIjoxNzA0OTM0MTg1fQ.cHIvKlAg59EHXyegJ-9Z7Z_3JdZgW4O5rsEJGiQSZ_5DL9solZ2tuWXEAcJO5T90crxbZ8NUiigkU0Bfj51Jpg', NULL),
	('c1u7473@t3.gscaltex.com', '2024-01-11 10:19:00.279000', '2023-10-13 10:19:00.280496', 'eyJhbGciOiJIUzUxMiJ9.eyJzdWIiOiJjMXU3NDczQHQzLmdzY2FsdGV4LmNvbSIsImF1dGgiOiJST0xFX01FTUJFUiIsImlkIjoxOCwiZXhwIjoxNzA0OTM1OTQwfQ.L0Pnt-3psBs04YtjeLVkzFjQcznPw-qJXbqI5rxqJyn2HhTbwbGx9YiFoa6ioHPpBnJh-1iYympNL8SUJdV_Pg', NULL),
	('deogus.dev@gmail.com', '2023-12-03 18:05:43.523000', '2023-09-04 18:05:43.524533', 'eyJhbGciOiJIUzUxMiJ9.eyJzdWIiOiJkZW9ndXMuZGV2QGdtYWlsLmNvbSIsImF1dGgiOiJST0xFX01FTUJFUiIsImlkIjo2LCJleHAiOjE3MDE1OTQzNDN9.SEkiEQTiJSkfoghU_m9Bp9AeMUmdtA7AmMbzUyR23vEKe1OSqXZ6Qot3uydGK4BJPk_hzRPjQQa2NziRmqpOhw', NULL),
	('deogus@naver.com', '2024-01-02 08:58:34.689000', '2023-10-04 08:58:34.705486', 'eyJhbGciOiJIUzUxMiJ9.eyJzdWIiOiJkZW9ndXNAbmF2ZXIuY29tIiwiYXV0aCI6IlJPTEVfTUVNQkVSIiwiaWQiOjksImV4cCI6MTcwNDE1MzUxNH0.2_fHmZdj2yGfE1ie7X6yQ-Zu8jY_ofK1q8XMnkCNQrWDQGvonovssKnysNrCA0skCgIMNE-e1CmNHd-MafauRQ', NULL),
	('it0506@gsitm.com', '2024-01-10 09:00:47.676000', '2023-09-11 13:01:53.707975', 'eyJhbGciOiJIUzUxMiJ9.eyJzdWIiOiJpdDA1MDZAZ3NpdG0uY29tIiwiYXV0aCI6IlJPTEVfTUVNQkVSIiwiaWQiOjcsImV4cCI6MTcwNDg0NDg0N30.5oSMmX29V0DxZQewgvzFmaCiKhouWMqmLViXH4GQtD6QTKDqOvRy58SEp_8yWthg3MAsUCQc20rkKpMXlNyHJA', '2023-10-12 09:00:47.697446'),
	('it1485@gsitm.com', '2024-01-18 13:14:20.183000', '2023-10-20 13:14:20.207092', 'eyJhbGciOiJIUzUxMiJ9.eyJzdWIiOiJpdDE0ODVAZ3NpdG0uY29tIiwiYXV0aCI6IlJPTEVfTUVNQkVSIiwiaWQiOjEsImV4cCI6MTcwNTU1MTI2MH0.8i2nl3qJPMYmAUXGYuhy1iRGx85g5ned6btqkUXeM0-JpddXXyqQlGm_MGyc0VczU5dMBU5lgx0ozzphkJnUYA', NULL),
	('it1713@gsitm.com', '2024-01-18 13:44:11.486000', '2023-10-20 13:44:11.505862', 'eyJhbGciOiJIUzUxMiJ9.eyJzdWIiOiJpdDE3MTNAZ3NpdG0uY29tIiwiYXV0aCI6IlJPTEVfTUVNQkVSIiwiaWQiOjIsImV4cCI6MTcwNTU1MzA1MX0.41Wz9Hl-yT3fXetG8IdPT7mP5_jZRQfgiZtRyxdk-QjuTrESZOpBvPvCd4dP1tFuPKGByto-saSRBoMDFME1_w', NULL),
	('it1759@gsitm.com', '2023-12-10 10:16:07.246000', '2023-09-11 10:16:07.247150', 'eyJhbGciOiJIUzUxMiJ9.eyJzdWIiOiJpdDE3NTlAZ3NpdG0uY29tIiwiYXV0aCI6IlJPTEVfTUVNQkVSIiwiaWQiOjEwLCJleHAiOjE3MDIxNzA5Njd9.C3nSsRdKT2sKLi5C5ZLgckP1o5rcyRsLvIw4d6WGs05JQNd3j1B9D1se_SZEGTHhH4KBmlHk8A0H_KTUcgh4iQ', NULL),
	('japark@gsitm.com', '2024-01-14 09:00:25.456000', '2023-10-16 09:00:25.457750', 'eyJhbGciOiJIUzUxMiJ9.eyJzdWIiOiJqYXBhcmtAZ3NpdG0uY29tIiwiYXV0aCI6IlJPTEVfTUVNQkVSIiwiaWQiOjE3LCJleHAiOjE3MDUxOTA0MjV9.aMChssUufAt2DmkNP5gG3AcaybDxYQnceUo9tN7KH8UUbqkrtQ1FVCyjYSVCQR_pK8wWFwuoPb8DolyLuirWnQ', NULL),
	('jjj02517@gsitm.com', '2024-01-11 09:11:47.498000', '2023-10-13 09:11:47.499471', 'eyJhbGciOiJIUzUxMiJ9.eyJzdWIiOiJqamowMjUxN0Bnc2l0bS5jb20iLCJhdXRoIjoiUk9MRV9NRU1CRVIiLCJpZCI6MTMsImV4cCI6MTcwNDkzMTkwN30.qwMuxD5799j92V9kA-dG1n8LN3ya7HzRUKw_JY-V-0chJx1HdzRgepxkrYDqX02cuYqGBYmi1g6n5ubVDhC1hQ', NULL),
	('milove@gsitm.com', '2024-01-14 09:13:34.366000', '2023-10-16 09:13:34.367157', 'eyJhbGciOiJIUzUxMiJ9.eyJzdWIiOiJtaWxvdmVAZ3NpdG0uY29tIiwiYXV0aCI6IlJPTEVfTUVNQkVSIiwiaWQiOjExLCJleHAiOjE3MDUxOTEyMTR9.VFGPhIpkhfLLXZHYR4cMKcwLbDHT_JoW7IIgz8fj4aJ28Ei-0Z6Rj94IruQTrHaV9MhYEuKfgmQx9jhxOF3DLA', NULL),
	('nksong@gsitm.com', '2024-01-11 09:13:30.309000', '2023-10-13 09:13:30.309823', 'eyJhbGciOiJIUzUxMiJ9.eyJzdWIiOiJua3NvbmdAZ3NpdG0uY29tIiwiYXV0aCI6IlJPTEVfTUVNQkVSIiwiaWQiOjE0LCJleHAiOjE3MDQ5MzIwMTB9.wE9txE1sHL5i78w6gtlau1CeITQm--ktfb9k2Khfynzn-ZmSiFSvA76MhRX1egOMckD35s_q0CQKb0Fn2Zc8dA', NULL),
	('pdsom0321@naver.com', '2024-01-18 11:00:53.957000', '2023-10-20 11:00:53.993455', 'eyJhbGciOiJIUzUxMiJ9.eyJzdWIiOiJwZHNvbTAzMjFAbmF2ZXIuY29tIiwiYXV0aCI6IlJPTEVfTUVNQkVSIiwiaWQiOjgsImV4cCI6MTcwNTU0MzI1M30.XQyXBbFGWS64cfmDkSI8LHOZGLK8w2ANEw5VBnIbop-Zwdwb5zk8cmn2KPkxCGBxfl_QUoT6dNezsTPFfVliIA', NULL),
	('psjco@gsitm.com', '2024-01-17 09:11:35.729000', '2023-10-19 09:11:35.746742', 'eyJhbGciOiJIUzUxMiJ9.eyJzdWIiOiJwc2pjb0Bnc2l0bS5jb20iLCJhdXRoIjoiUk9MRV9NRU1CRVIiLCJpZCI6MjAsImV4cCI6MTcwNTQ1MDI5NX0.ADia50bIrRdD9zHxVLBGsmY21DvJiX5CtcJfkqlwywOp9tQxV8D20RgxREhE6OttObG4Cg4lZZUG7EAFjnry1Q', NULL),
	('slim@acepg.co.kr', '2024-01-11 10:29:24.245000', '2023-10-13 10:29:24.249575', 'eyJhbGciOiJIUzUxMiJ9.eyJzdWIiOiJzbGltQGFjZXBnLmNvLmtyIiwiYXV0aCI6IlJPTEVfTUVNQkVSIiwiaWQiOjE5LCJleHAiOjE3MDQ5MzY1NjR9.aw0bidJyYj7mJLuShS0irB5sJIo_wP0UzNTPUHUjLeiVBw4_HjCDezKC55BY1QBjjBXcltxGfQGvhjaQfrioZg', NULL),
	('soun4618@gsitm.com', '2024-01-11 09:51:38.606000', '2023-10-13 09:51:38.607383', 'eyJhbGciOiJIUzUxMiJ9.eyJzdWIiOiJzb3VuNDYxOEBnc2l0bS5jb20iLCJhdXRoIjoiUk9MRV9NRU1CRVIiLCJpZCI6MTYsImV4cCI6MTcwNDkzNDI5OH0.KaEKkfB5z58WKMC1GKFrZfeAS-XpQOEMQ2dUXdPCL5KNCDMdeZiqfF3qdpG_ssZxzTuzM4-kcGpYLBXZTlgkpQ', NULL),
	('thlee@gsitm.com', '2024-01-12 22:23:05.781000', '2023-10-14 22:23:05.782988', 'eyJhbGciOiJIUzUxMiJ9.eyJzdWIiOiJ0aGxlZUBnc2l0bS5jb20iLCJhdXRoIjoiUk9MRV9NRU1CRVIiLCJpZCI6MTIsImV4cCI6MTcwNTA2NTc4NX0.k-UiUtEmCoHWFtMmHt6CAqO3gD9hvxabGA0DyBRz2JnVLU-Sn1U3q_3zsbV03HT6MqLBNwTkuD0Np3AvexkLTA', NULL);
/*!40000 ALTER TABLE `refresh_token` ENABLE KEYS */;

-- 테이블 ATTENDANCE.team 구조 내보내기
CREATE TABLE IF NOT EXISTS `team` (
  `team_id` bigint NOT NULL AUTO_INCREMENT,
  `name` varchar(100) DEFAULT NULL,
  `company_id` bigint DEFAULT NULL,
  PRIMARY KEY (`team_id`),
  KEY `FKq7becd703i1w0ry1jxy15qxid` (`company_id`),
  CONSTRAINT `FKq7becd703i1w0ry1jxy15qxid` FOREIGN KEY (`company_id`) REFERENCES `company` (`company_id`)
) ENGINE=InnoDB AUTO_INCREMENT=4 DEFAULT CHARSET=utf8mb4 COLLATE=utf8mb4_0900_ai_ci;

-- 테이블 데이터 ATTENDANCE.team:~3 rows (대략적) 내보내기
DELETE FROM `team`;
/*!40000 ALTER TABLE `team` DISABLE KEYS */;
INSERT INTO `team` (`team_id`, `name`, `company_id`) VALUES
	(1, '모바일', 1),
	(2, '기타', 1),
	(3, '경영관리', 1);
/*!40000 ALTER TABLE `team` ENABLE KEYS */;

/*!40101 SET SQL_MODE=IFNULL(@OLD_SQL_MODE, '') */;
/*!40014 SET FOREIGN_KEY_CHECKS=IFNULL(@OLD_FOREIGN_KEY_CHECKS, 1) */;
/*!40101 SET CHARACTER_SET_CLIENT=@OLD_CHARACTER_SET_CLIENT */;
/*!40111 SET SQL_NOTES=IFNULL(@OLD_SQL_NOTES, 1) */;
